image_id,filename,label
7201,7201.jpg,2
7202,7202.jpg,4
7203,7203.jpg,2
7204,7204.jpg,5
7205,7205.jpg,4
7206,7206.jpg,2
7207,7207.jpg,4
7208,7208.jpg,5
7209,7209.jpg,4
7210,7210.jpg,6
7211,7211.jpg,5
7212,7212.jpg,2
7213,7213.jpg,4
7214,7214.jpg,1
7215,7215.jpg,4
7216,7216.jpg,4
7217,7217.jpg,4
7218,7218.jpg,3
7219,7219.jpg,4
7220,7220.jpg,2
7221,7221.jpg,4
7222,7222.jpg,4
7223,7223.jpg,6
7224,7224.jpg,2
7225,7225.jpg,2
7226,7226.jpg,2
7227,7227.jpg,2
7228,7228.jpg,2
7229,7229.jpg,4
7230,7230.jpg,6
7231,7231.jpg,5
7232,7232.jpg,2
7233,7233.jpg,4
7234,7234.jpg,3
7235,7235.jpg,2
7236,7236.jpg,4
7237,7237.jpg,2
7238,7238.jpg,4
7239,7239.jpg,1
7240,7240.jpg,4
7241,7241.jpg,3
7242,7242.jpg,3
7243,7243.jpg,3
7244,7244.jpg,5
7245,7245.jpg,4
7246,7246.jpg,4
7247,7247.jpg,4
7248,7248.jpg,5
7249,7249.jpg,5
7250,7250.jpg,4
7251,7251.jpg,4
7252,7252.jpg,5
7253,7253.jpg,4
7254,7254.jpg,2
7255,7255.jpg,6
7256,7256.jpg,3
7257,7257.jpg,3
7258,7258.jpg,6
7259,7259.jpg,2
7260,7260.jpg,3
7261,7261.jpg,3
7262,7262.jpg,3
7263,7263.jpg,4
7264,7264.jpg,4
7265,7265.jpg,2
7266,7266.jpg,2
7267,7267.jpg,3
7268,7268.jpg,5
7269,7269.jpg,2
7270,7270.jpg,3
7271,7271.jpg,4
7272,7272.jpg,2
7273,7273.jpg,2
7274,7274.jpg,4
7275,7275.jpg,3
7276,7276.jpg,4
7277,7277.jpg,5
7278,7278.jpg,4
7279,7279.jpg,2
7280,7280.jpg,2
7281,7281.jpg,5
7282,7282.jpg,5
7283,7283.jpg,5
7284,7284.jpg,5
7285,7285.jpg,2
7286,7286.jpg,5
7287,7287.jpg,4
7288,7288.jpg,3
7289,7289.jpg,4
7290,7290.jpg,3
7291,7291.jpg,4
7292,7292.jpg,3
7293,7293.jpg,4
7294,7294.jpg,2
7295,7295.jpg,3
7296,7296.jpg,4
7297,7297.jpg,4
7298,7298.jpg,4
7299,7299.jpg,2
7300,7300.jpg,2
7301,7301.jpg,2
7302,7302.jpg,5
7303,7303.jpg,5
7304,7304.jpg,4
7305,7305.jpg,4
7306,7306.jpg,4
7307,7307.jpg,2
7308,7308.jpg,4
7309,7309.jpg,2
7310,7310.jpg,2
7311,7311.jpg,3
7312,7312.jpg,4
7313,7313.jpg,2
7314,7314.jpg,5
7315,7315.jpg,5
7316,7316.jpg,4
7317,7317.jpg,4
7318,7318.jpg,4
7319,7319.jpg,2
7320,7320.jpg,5
7321,7321.jpg,3
7322,7322.jpg,4
7323,7323.jpg,4
7324,7324.jpg,4
7325,7325.jpg,4
7326,7326.jpg,2
7327,7327.jpg,4
7328,7328.jpg,5
7329,7329.jpg,3
7330,7330.jpg,4
7331,7331.jpg,5
7332,7332.jpg,4
7333,7333.jpg,2
7334,7334.jpg,2
7335,7335.jpg,2
7336,7336.jpg,2
7337,7337.jpg,3
7338,7338.jpg,5
7339,7339.jpg,2
7340,7340.jpg,4
7341,7341.jpg,5
7342,7342.jpg,5
7343,7343.jpg,4
7344,7344.jpg,5
7345,7345.jpg,4
7346,7346.jpg,4
7347,7347.jpg,4
7348,7348.jpg,5
7349,7349.jpg,2
7350,7350.jpg,2
7351,7351.jpg,5
7352,7352.jpg,2
7353,7353.jpg,2
7354,7354.jpg,6
7355,7355.jpg,6
7356,7356.jpg,2
7357,7357.jpg,3
7358,7358.jpg,5
7359,7359.jpg,5
7360,7360.jpg,5
7361,7361.jpg,4
7362,7362.jpg,2
7363,7363.jpg,2
7364,7364.jpg,2
7365,7365.jpg,4
7366,7366.jpg,5
7367,7367.jpg,2
7368,7368.jpg,4
7369,7369.jpg,4
7370,7370.jpg,4
7371,7371.jpg,6
7372,7372.jpg,4
7373,7373.jpg,5
7374,7374.jpg,4
7375,7375.jpg,4
7376,7376.jpg,6
7377,7377.jpg,6
7378,7378.jpg,6
7379,7379.jpg,2
7380,7380.jpg,4
7381,7381.jpg,4
7382,7382.jpg,6
7383,7383.jpg,4
7384,7384.jpg,4
7385,7385.jpg,4
7386,7386.jpg,5
7387,7387.jpg,4
7388,7388.jpg,5
7389,7389.jpg,5
7390,7390.jpg,3
7391,7391.jpg,4
7392,7392.jpg,5
7393,7393.jpg,2
7394,7394.jpg,2
7395,7395.jpg,2
7396,7396.jpg,4
7397,7397.jpg,3
7398,7398.jpg,2
7399,7399.jpg,2
7400,7400.jpg,2
7401,7401.jpg,2
7402,7402.jpg,4
7403,7403.jpg,6
7404,7404.jpg,4
7405,7405.jpg,4
7406,7406.jpg,4
7407,7407.jpg,2
7408,7408.jpg,2
7409,7409.jpg,2
7410,7410.jpg,2
7411,7411.jpg,5
7412,7412.jpg,5
7413,7413.jpg,3
7414,7414.jpg,5
7415,7415.jpg,3
7416,7416.jpg,6
7417,7417.jpg,2
7418,7418.jpg,4
7419,7419.jpg,2
7420,7420.jpg,3
7421,7421.jpg,2
7422,7422.jpg,5
7423,7423.jpg,6
7424,7424.jpg,6
7425,7425.jpg,2
7426,7426.jpg,4
7427,7427.jpg,6
7428,7428.jpg,4
7429,7429.jpg,4
7430,7430.jpg,2
7431,7431.jpg,4
7432,7432.jpg,5
7433,7433.jpg,5
7434,7434.jpg,4
7435,7435.jpg,4
7436,7436.jpg,4
7437,7437.jpg,3
7438,7438.jpg,6
7439,7439.jpg,3
7440,7440.jpg,4
7441,7441.jpg,4
7442,7442.jpg,3
7443,7443.jpg,4
7444,7444.jpg,6
7445,7445.jpg,4
7446,7446.jpg,5
7447,7447.jpg,2
7448,7448.jpg,4
7449,7449.jpg,4
7450,7450.jpg,4
7451,7451.jpg,6
7452,7452.jpg,3
7453,7453.jpg,2
7454,7454.jpg,4
7455,7455.jpg,2
7456,7456.jpg,6
7457,7457.jpg,2
7458,7458.jpg,3
7459,7459.jpg,4
7460,7460.jpg,3
7461,7461.jpg,2
7462,7462.jpg,4
7463,7463.jpg,4
7464,7464.jpg,1
7465,7465.jpg,4
7466,7466.jpg,2
7467,7467.jpg,4
7468,7468.jpg,4
7469,7469.jpg,4
7470,7470.jpg,2
7471,7471.jpg,5
7472,7472.jpg,2
7473,7473.jpg,3
7474,7474.jpg,3
7475,7475.jpg,4
7476,7476.jpg,4
7477,7477.jpg,4
7478,7478.jpg,4
7479,7479.jpg,4
7480,7480.jpg,4
7481,7481.jpg,4
7482,7482.jpg,5
7483,7483.jpg,4
7484,7484.jpg,2
7485,7485.jpg,5
7486,7486.jpg,2
7487,7487.jpg,3
7488,7488.jpg,4
7489,7489.jpg,5
7490,7490.jpg,2
7491,7491.jpg,4
7492,7492.jpg,3
7493,7493.jpg,4
7494,7494.jpg,2
7495,7495.jpg,2
7496,7496.jpg,2
7497,7497.jpg,2
7498,7498.jpg,4
7499,7499.jpg,2
7500,7500.jpg,3
7501,7501.jpg,3
7502,7502.jpg,4
7503,7503.jpg,5
7504,7504.jpg,5
7505,7505.jpg,4
7506,7506.jpg,6
7507,7507.jpg,5
7508,7508.jpg,4
7509,7509.jpg,3
7510,7510.jpg,2
7511,7511.jpg,4
7512,7512.jpg,5
7513,7513.jpg,4
7514,7514.jpg,4
7515,7515.jpg,2
7516,7516.jpg,4
7517,7517.jpg,2
7518,7518.jpg,4
7519,7519.jpg,4
7520,7520.jpg,3
7521,7521.jpg,6
7522,7522.jpg,3
7523,7523.jpg,3
7524,7524.jpg,5
7525,7525.jpg,3
7526,7526.jpg,2
7527,7527.jpg,2
7528,7528.jpg,2
7529,7529.jpg,6
7530,7530.jpg,2
7531,7531.jpg,2
7532,7532.jpg,2
7533,7533.jpg,2
7534,7534.jpg,2
7535,7535.jpg,5
7536,7536.jpg,2
7537,7537.jpg,2
7538,7538.jpg,2
7539,7539.jpg,2
7540,7540.jpg,6
7541,7541.jpg,5
7542,7542.jpg,4
7543,7543.jpg,3
7544,7544.jpg,4
7545,7545.jpg,2
7546,7546.jpg,4
7547,7547.jpg,6
7548,7548.jpg,3
7549,7549.jpg,5
7550,7550.jpg,5
7551,7551.jpg,6
7552,7552.jpg,2
7553,7553.jpg,5
7554,7554.jpg,6
7555,7555.jpg,4
7556,7556.jpg,4
7557,7557.jpg,2
7558,7558.jpg,3
7559,7559.jpg,3
7560,7560.jpg,2
7561,7561.jpg,2
7562,7562.jpg,5
7563,7563.jpg,2
7564,7564.jpg,2
7565,7565.jpg,4
7566,7566.jpg,4
7567,7567.jpg,4
7568,7568.jpg,2
7569,7569.jpg,6
7570,7570.jpg,6
7571,7571.jpg,2
7572,7572.jpg,4
7573,7573.jpg,5
7574,7574.jpg,3
7575,7575.jpg,2
7576,7576.jpg,6
7577,7577.jpg,2
7578,7578.jpg,4
7579,7579.jpg,3
7580,7580.jpg,6
7581,7581.jpg,5
7582,7582.jpg,6
7583,7583.jpg,2
7584,7584.jpg,3
7585,7585.jpg,3
7586,7586.jpg,2
7587,7587.jpg,4
7588,7588.jpg,2
7589,7589.jpg,6
7590,7590.jpg,4
7591,7591.jpg,5
7592,7592.jpg,1
7593,7593.jpg,2
7594,7594.jpg,5
7595,7595.jpg,4
7596,7596.jpg,3
7597,7597.jpg,2
7598,7598.jpg,2
7599,7599.jpg,2
7600,7600.jpg,4
7601,7601.jpg,6
7602,7602.jpg,6
7603,7603.jpg,4
7604,7604.jpg,4
7605,7605.jpg,6
7606,7606.jpg,5
7607,7607.jpg,2
7608,7608.jpg,3
7609,7609.jpg,1
7610,7610.jpg,2
7611,7611.jpg,2
7612,7612.jpg,6
7613,7613.jpg,2
7614,7614.jpg,5
7615,7615.jpg,5
7616,7616.jpg,2
7617,7617.jpg,6
7618,7618.jpg,2
7619,7619.jpg,4
7620,7620.jpg,5
7621,7621.jpg,2
7622,7622.jpg,5
7623,7623.jpg,4
7624,7624.jpg,5
7625,7625.jpg,4
7626,7626.jpg,4
7627,7627.jpg,6
7628,7628.jpg,6
7629,7629.jpg,3
7630,7630.jpg,2
7631,7631.jpg,6
7632,7632.jpg,6
7633,7633.jpg,6
7634,7634.jpg,2
7635,7635.jpg,4
7636,7636.jpg,4
7637,7637.jpg,5
7638,7638.jpg,6
7639,7639.jpg,5
7640,7640.jpg,4
7641,7641.jpg,5
7642,7642.jpg,4
7643,7643.jpg,2
7644,7644.jpg,4
7645,7645.jpg,3
7646,7646.jpg,4
7647,7647.jpg,2
7648,7648.jpg,2
7649,7649.jpg,5
7650,7650.jpg,2
7651,7651.jpg,3
7652,7652.jpg,2
7653,7653.jpg,3
7654,7654.jpg,2
7655,7655.jpg,2
7656,7656.jpg,2
7657,7657.jpg,4
7658,7658.jpg,6
7659,7659.jpg,5
7660,7660.jpg,3
7661,7661.jpg,4
7662,7662.jpg,6
7663,7663.jpg,6
7664,7664.jpg,4
7665,7665.jpg,6
7666,7666.jpg,4
7667,7667.jpg,2
7668,7668.jpg,2
7669,7669.jpg,2
7670,7670.jpg,6
7671,7671.jpg,2
7672,7672.jpg,4
7673,7673.jpg,2
7674,7674.jpg,5
7675,7675.jpg,5
7676,7676.jpg,2
7677,7677.jpg,6
7678,7678.jpg,2
7679,7679.jpg,5
7680,7680.jpg,4
7681,7681.jpg,2
7682,7682.jpg,4
7683,7683.jpg,2
7684,7684.jpg,4
7685,7685.jpg,5
7686,7686.jpg,2
7687,7687.jpg,4
7688,7688.jpg,4
7689,7689.jpg,4
7690,7690.jpg,2
7691,7691.jpg,4
7692,7692.jpg,2
7693,7693.jpg,4
7694,7694.jpg,5
7695,7695.jpg,6
7696,7696.jpg,2
7697,7697.jpg,4
7698,7698.jpg,2
7699,7699.jpg,6
7700,7700.jpg,2
7701,7701.jpg,4
7702,7702.jpg,2
7703,7703.jpg,4
7704,7704.jpg,2
7705,7705.jpg,2
7706,7706.jpg,4
7707,7707.jpg,4
7708,7708.jpg,1
7709,7709.jpg,2
7710,7710.jpg,4
7711,7711.jpg,5
7712,7712.jpg,4
7713,7713.jpg,3
7714,7714.jpg,4
7715,7715.jpg,2
7716,7716.jpg,4
7717,7717.jpg,6
7718,7718.jpg,4
7719,7719.jpg,6
7720,7720.jpg,4
7721,7721.jpg,2
7722,7722.jpg,6
7723,7723.jpg,2
7724,7724.jpg,2
7725,7725.jpg,4
7726,7726.jpg,5
7727,7727.jpg,2
7728,7728.jpg,2
7729,7729.jpg,4
7730,7730.jpg,2
7731,7731.jpg,4
7732,7732.jpg,3
7733,7733.jpg,2
7734,7734.jpg,2
7735,7735.jpg,6
7736,7736.jpg,4
7737,7737.jpg,5
7738,7738.jpg,2
7739,7739.jpg,5
7740,7740.jpg,5
7741,7741.jpg,6
7742,7742.jpg,5
7743,7743.jpg,2
7744,7744.jpg,5
7745,7745.jpg,5
7746,7746.jpg,2
7747,7747.jpg,5
7748,7748.jpg,3
7749,7749.jpg,5
7750,7750.jpg,3
7751,7751.jpg,4
7752,7752.jpg,2
7753,7753.jpg,2
7754,7754.jpg,2
7755,7755.jpg,2
7756,7756.jpg,5
7757,7757.jpg,2
7758,7758.jpg,4
7759,7759.jpg,4
7760,7760.jpg,2
7761,7761.jpg,4
7762,7762.jpg,2
7763,7763.jpg,6
7764,7764.jpg,4
7765,7765.jpg,4
7766,7766.jpg,6
7767,7767.jpg,2
7768,7768.jpg,4
7769,7769.jpg,4
7770,7770.jpg,2
7771,7771.jpg,2
7772,7772.jpg,2
7773,7773.jpg,5
7774,7774.jpg,2
7775,7775.jpg,2
7776,7776.jpg,2
7777,7777.jpg,4
7778,7778.jpg,2
7779,7779.jpg,4
7780,7780.jpg,4
7781,7781.jpg,3
7782,7782.jpg,2
7783,7783.jpg,2
7784,7784.jpg,2
7785,7785.jpg,4
7786,7786.jpg,2
7787,7787.jpg,4
7788,7788.jpg,6
7789,7789.jpg,4
7790,7790.jpg,2
7791,7791.jpg,4
7792,7792.jpg,1
7793,7793.jpg,4
7794,7794.jpg,4
7795,7795.jpg,2
7796,7796.jpg,4
7797,7797.jpg,4
7798,7798.jpg,5
7799,7799.jpg,4
7800,7800.jpg,2
7801,7801.jpg,5
7802,7802.jpg,4
7803,7803.jpg,5
7804,7804.jpg,5
7805,7805.jpg,2
7806,7806.jpg,5
7807,7807.jpg,2
7808,7808.jpg,5
7809,7809.jpg,4
7810,7810.jpg,3
7811,7811.jpg,6
7812,7812.jpg,4
7813,7813.jpg,4
7814,7814.jpg,1
7815,7815.jpg,4
7816,7816.jpg,4
7817,7817.jpg,4
7818,7818.jpg,4
7819,7819.jpg,4
7820,7820.jpg,2
7821,7821.jpg,3
7822,7822.jpg,4
7823,7823.jpg,2
7824,7824.jpg,2
7825,7825.jpg,2
7826,7826.jpg,4
7827,7827.jpg,2
7828,7828.jpg,2
7829,7829.jpg,2
7830,7830.jpg,4
7831,7831.jpg,2
7832,7832.jpg,4
7833,7833.jpg,4
7834,7834.jpg,4
7835,7835.jpg,2
7836,7836.jpg,2
7837,7837.jpg,6
7838,7838.jpg,6
7839,7839.jpg,3
7840,7840.jpg,6
7841,7841.jpg,4
7842,7842.jpg,2
7843,7843.jpg,4
7844,7844.jpg,6
7845,7845.jpg,4
7846,7846.jpg,2
7847,7847.jpg,2
7848,7848.jpg,4
7849,7849.jpg,2
7850,7850.jpg,6
7851,7851.jpg,5
7852,7852.jpg,6
7853,7853.jpg,5
7854,7854.jpg,2
7855,7855.jpg,6
7856,7856.jpg,2
7857,7857.jpg,4
7858,7858.jpg,4
7859,7859.jpg,2
7860,7860.jpg,2
7861,7861.jpg,4
7862,7862.jpg,2
7863,7863.jpg,1
7864,7864.jpg,3
7865,7865.jpg,3
7866,7866.jpg,2
7867,7867.jpg,2
7868,7868.jpg,2
7869,7869.jpg,5
7870,7870.jpg,4
7871,7871.jpg,3
7872,7872.jpg,2
7873,7873.jpg,5
7874,7874.jpg,2
7875,7875.jpg,2
7876,7876.jpg,3
7877,7877.jpg,2
7878,7878.jpg,4
7879,7879.jpg,4
7880,7880.jpg,2
7881,7881.jpg,4
7882,7882.jpg,6
7883,7883.jpg,5
7884,7884.jpg,2
7885,7885.jpg,3
7886,7886.jpg,2
7887,7887.jpg,4
7888,7888.jpg,5
7889,7889.jpg,6
7890,7890.jpg,2
7891,7891.jpg,2
7892,7892.jpg,2
7893,7893.jpg,2
7894,7894.jpg,4
7895,7895.jpg,5
7896,7896.jpg,4
7897,7897.jpg,5
7898,7898.jpg,5
7899,7899.jpg,4
7900,7900.jpg,3
7901,7901.jpg,2
7902,7902.jpg,2
7903,7903.jpg,4
7904,7904.jpg,3
7905,7905.jpg,6
7906,7906.jpg,5
7907,7907.jpg,6
7908,7908.jpg,5
7909,7909.jpg,4
7910,7910.jpg,4
7911,7911.jpg,3
7912,7912.jpg,4
7913,7913.jpg,6
7914,7914.jpg,4
7915,7915.jpg,2
7916,7916.jpg,2
7917,7917.jpg,1
7918,7918.jpg,4
7919,7919.jpg,3
7920,7920.jpg,2
7921,7921.jpg,2
7922,7922.jpg,2
7923,7923.jpg,6
7924,7924.jpg,6
7925,7925.jpg,5
7926,7926.jpg,4
7927,7927.jpg,3
7928,7928.jpg,5
7929,7929.jpg,3
7930,7930.jpg,5
7931,7931.jpg,3
7932,7932.jpg,4
7933,7933.jpg,5
7934,7934.jpg,2
7935,7935.jpg,6
7936,7936.jpg,3
7937,7937.jpg,4
7938,7938.jpg,4
7939,7939.jpg,6
7940,7940.jpg,5
7941,7941.jpg,4
7942,7942.jpg,6
7943,7943.jpg,2
7944,7944.jpg,6
7945,7945.jpg,5
7946,7946.jpg,6
7947,7947.jpg,6
7948,7948.jpg,1
7949,7949.jpg,2
7950,7950.jpg,5
7951,7951.jpg,2
7952,7952.jpg,3
7953,7953.jpg,4
7954,7954.jpg,4
7955,7955.jpg,4
7956,7956.jpg,4
7957,7957.jpg,4
7958,7958.jpg,3
7959,7959.jpg,4
7960,7960.jpg,5
7961,7961.jpg,3
7962,7962.jpg,1
7963,7963.jpg,6
7964,7964.jpg,4
7965,7965.jpg,5
7966,7966.jpg,6
7967,7967.jpg,2
7968,7968.jpg,4
7969,7969.jpg,2
7970,7970.jpg,4
7971,7971.jpg,3
7972,7972.jpg,6
7973,7973.jpg,6
7974,7974.jpg,6
7975,7975.jpg,2
7976,7976.jpg,4
7977,7977.jpg,4
7978,7978.jpg,4
7979,7979.jpg,4
7980,7980.jpg,4
7981,7981.jpg,6
7982,7982.jpg,2
7983,7983.jpg,6
7984,7984.jpg,2
7985,7985.jpg,5
7986,7986.jpg,4
7987,7987.jpg,2
7988,7988.jpg,5
7989,7989.jpg,5
7990,7990.jpg,2
7991,7991.jpg,2
7992,7992.jpg,2
7993,7993.jpg,6
7994,7994.jpg,2
7995,7995.jpg,1
7996,7996.jpg,2
7997,7997.jpg,3
7998,7998.jpg,4
7999,7999.jpg,2
8000,8000.jpg,6
8001,8001.jpg,3
8002,8002.jpg,4
8003,8003.jpg,4
8004,8004.jpg,2
8005,8005.jpg,5
8006,8006.jpg,3
8007,8007.jpg,2
8008,8008.jpg,4
8009,8009.jpg,2
8010,8010.jpg,2
8011,8011.jpg,4
8012,8012.jpg,4
8013,8013.jpg,4
8014,8014.jpg,6
8015,8015.jpg,2
8016,8016.jpg,4
8017,8017.jpg,4
8018,8018.jpg,4
8019,8019.jpg,2
8020,8020.jpg,3
8021,8021.jpg,5
8022,8022.jpg,4
8023,8023.jpg,6
8024,8024.jpg,4
8025,8025.jpg,6
8026,8026.jpg,4
8027,8027.jpg,5
8028,8028.jpg,2
8029,8029.jpg,5
8030,8030.jpg,2
8031,8031.jpg,1
8032,8032.jpg,2
8033,8033.jpg,2
8034,8034.jpg,4
8035,8035.jpg,5
8036,8036.jpg,4
8037,8037.jpg,4
8038,8038.jpg,6
8039,8039.jpg,3
8040,8040.jpg,6
8041,8041.jpg,2
8042,8042.jpg,4
8043,8043.jpg,3
8044,8044.jpg,2
8045,8045.jpg,3
8046,8046.jpg,4
8047,8047.jpg,2
8048,8048.jpg,4
8049,8049.jpg,5
8050,8050.jpg,4
8051,8051.jpg,4
8052,8052.jpg,2
8053,8053.jpg,2
8054,8054.jpg,2
8055,8055.jpg,3
8056,8056.jpg,4
8057,8057.jpg,2
8058,8058.jpg,5
8059,8059.jpg,4
8060,8060.jpg,4
8061,8061.jpg,5
8062,8062.jpg,4
8063,8063.jpg,2
8064,8064.jpg,4
8065,8065.jpg,3
8066,8066.jpg,4
8067,8067.jpg,6
8068,8068.jpg,4
8069,8069.jpg,2
8070,8070.jpg,5
8071,8071.jpg,6
8072,8072.jpg,4
8073,8073.jpg,4
8074,8074.jpg,2
8075,8075.jpg,6
8076,8076.jpg,2
8077,8077.jpg,2
8078,8078.jpg,2
8079,8079.jpg,4
8080,8080.jpg,5
8081,8081.jpg,5
8082,8082.jpg,4
8083,8083.jpg,5
8084,8084.jpg,4
8085,8085.jpg,2
8086,8086.jpg,4
8087,8087.jpg,3
8088,8088.jpg,2
8089,8089.jpg,5
8090,8090.jpg,4
8091,8091.jpg,4
8092,8092.jpg,5
8093,8093.jpg,4
8094,8094.jpg,2
8095,8095.jpg,2
8096,8096.jpg,4
8097,8097.jpg,3
8098,8098.jpg,4
8099,8099.jpg,3
8100,8100.jpg,2
8101,8101.jpg,4
8102,8102.jpg,6
8103,8103.jpg,4
8104,8104.jpg,2
8105,8105.jpg,4
8106,8106.jpg,5
8107,8107.jpg,6
8108,8108.jpg,4
8109,8109.jpg,4
8110,8110.jpg,4
8111,8111.jpg,5
8112,8112.jpg,3
8113,8113.jpg,4
8114,8114.jpg,5
8115,8115.jpg,6
8116,8116.jpg,4
8117,8117.jpg,4
8118,8118.jpg,4
8119,8119.jpg,3
8120,8120.jpg,6
8121,8121.jpg,4
8122,8122.jpg,3
8123,8123.jpg,4
8124,8124.jpg,4
8125,8125.jpg,5
8126,8126.jpg,6
8127,8127.jpg,2
8128,8128.jpg,3
8129,8129.jpg,2
8130,8130.jpg,4
8131,8131.jpg,5
8132,8132.jpg,4
8133,8133.jpg,3
8134,8134.jpg,4
8135,8135.jpg,2
8136,8136.jpg,6
8137,8137.jpg,2
8138,8138.jpg,4
8139,8139.jpg,4
8140,8140.jpg,4
8141,8141.jpg,1
8142,8142.jpg,3
8143,8143.jpg,4
8144,8144.jpg,2
8145,8145.jpg,4
8146,8146.jpg,5
8147,8147.jpg,5
8148,8148.jpg,4
8149,8149.jpg,5
8150,8150.jpg,4
8151,8151.jpg,4
8152,8152.jpg,2
8153,8153.jpg,2
8154,8154.jpg,2
8155,8155.jpg,5
8156,8156.jpg,4
8157,8157.jpg,4
8158,8158.jpg,4
8159,8159.jpg,2
8160,8160.jpg,3
8161,8161.jpg,3
8162,8162.jpg,2
8163,8163.jpg,5
8164,8164.jpg,4
8165,8165.jpg,6
8166,8166.jpg,5
8167,8167.jpg,2
8168,8168.jpg,6
8169,8169.jpg,4
8170,8170.jpg,4
8171,8171.jpg,2
8172,8172.jpg,2
8173,8173.jpg,5
8174,8174.jpg,4
8175,8175.jpg,2
8176,8176.jpg,2
8177,8177.jpg,3
8178,8178.jpg,5
8179,8179.jpg,4
8180,8180.jpg,2
8181,8181.jpg,4
8182,8182.jpg,5
8183,8183.jpg,2
8184,8184.jpg,3
8185,8185.jpg,6
8186,8186.jpg,4
8187,8187.jpg,6
8188,8188.jpg,4
8189,8189.jpg,5
8190,8190.jpg,5
8191,8191.jpg,2
8192,8192.jpg,4
8193,8193.jpg,2
8194,8194.jpg,2
8195,8195.jpg,5
8196,8196.jpg,2
8197,8197.jpg,2
8198,8198.jpg,5
8199,8199.jpg,2
8200,8200.jpg,2
8201,8201.jpg,4
8202,8202.jpg,2
8203,8203.jpg,2
8204,8204.jpg,5
8205,8205.jpg,2
8206,8206.jpg,5
8207,8207.jpg,4
8208,8208.jpg,4
8209,8209.jpg,4
8210,8210.jpg,4
8211,8211.jpg,4
8212,8212.jpg,6
8213,8213.jpg,6
8214,8214.jpg,4
8215,8215.jpg,2
8216,8216.jpg,4
8217,8217.jpg,2
8218,8218.jpg,4
8219,8219.jpg,5
8220,8220.jpg,2
8221,8221.jpg,4
8222,8222.jpg,4
8223,8223.jpg,5
8224,8224.jpg,5
8225,8225.jpg,4
8226,8226.jpg,4
8227,8227.jpg,2
8228,8228.jpg,4
8229,8229.jpg,2
8230,8230.jpg,2
8231,8231.jpg,4
8232,8232.jpg,6
8233,8233.jpg,2
8234,8234.jpg,2
8235,8235.jpg,5
8236,8236.jpg,2
8237,8237.jpg,5
8238,8238.jpg,2
8239,8239.jpg,5
8240,8240.jpg,4
8241,8241.jpg,4
8242,8242.jpg,3
8243,8243.jpg,4
8244,8244.jpg,4
8245,8245.jpg,4
8246,8246.jpg,2
8247,8247.jpg,2
8248,8248.jpg,2
8249,8249.jpg,4
8250,8250.jpg,4
8251,8251.jpg,4
8252,8252.jpg,2
8253,8253.jpg,4
8254,8254.jpg,5
8255,8255.jpg,5
8256,8256.jpg,4
8257,8257.jpg,4
8258,8258.jpg,6
8259,8259.jpg,2
8260,8260.jpg,5
8261,8261.jpg,4
8262,8262.jpg,4
8263,8263.jpg,6
8264,8264.jpg,2
8265,8265.jpg,2
8266,8266.jpg,2
8267,8267.jpg,4
8268,8268.jpg,6
8269,8269.jpg,2
8270,8270.jpg,2
8271,8271.jpg,4
8272,8272.jpg,4
8273,8273.jpg,2
8274,8274.jpg,2
8275,8275.jpg,4
8276,8276.jpg,4
8277,8277.jpg,5
8278,8278.jpg,2
8279,8279.jpg,2
8280,8280.jpg,4
8281,8281.jpg,5
8282,8282.jpg,5
8283,8283.jpg,2
8284,8284.jpg,4
8285,8285.jpg,3
8286,8286.jpg,5
8287,8287.jpg,2
8288,8288.jpg,5
8289,8289.jpg,2
8290,8290.jpg,5
8291,8291.jpg,4
8292,8292.jpg,5
8293,8293.jpg,5
8294,8294.jpg,6
8295,8295.jpg,4
8296,8296.jpg,2
8297,8297.jpg,4
8298,8298.jpg,2
8299,8299.jpg,4
8300,8300.jpg,2
8301,8301.jpg,4
8302,8302.jpg,1
8303,8303.jpg,2
8304,8304.jpg,2
8305,8305.jpg,2
8306,8306.jpg,3
8307,8307.jpg,5
8308,8308.jpg,4
8309,8309.jpg,4
8310,8310.jpg,2
8311,8311.jpg,4
8312,8312.jpg,4
8313,8313.jpg,4
8314,8314.jpg,6
8315,8315.jpg,4
8316,8316.jpg,2
8317,8317.jpg,4
8318,8318.jpg,3
8319,8319.jpg,2
8320,8320.jpg,4
8321,8321.jpg,2
8322,8322.jpg,4
8323,8323.jpg,5
8324,8324.jpg,6
8325,8325.jpg,4
8326,8326.jpg,4
8327,8327.jpg,5
8328,8328.jpg,4
8329,8329.jpg,6
8330,8330.jpg,5
8331,8331.jpg,2
8332,8332.jpg,3
8333,8333.jpg,2
8334,8334.jpg,4
8335,8335.jpg,3
8336,8336.jpg,3
8337,8337.jpg,2
8338,8338.jpg,4
8339,8339.jpg,5
8340,8340.jpg,5
8341,8341.jpg,2
8342,8342.jpg,6
8343,8343.jpg,5
8344,8344.jpg,5
8345,8345.jpg,4
8346,8346.jpg,2
8347,8347.jpg,5
8348,8348.jpg,4
8349,8349.jpg,4
8350,8350.jpg,3
8351,8351.jpg,6
8352,8352.jpg,4
8353,8353.jpg,4
8354,8354.jpg,5
8355,8355.jpg,2
8356,8356.jpg,1
8357,8357.jpg,4
8358,8358.jpg,2
8359,8359.jpg,2
8360,8360.jpg,3
8361,8361.jpg,4
8362,8362.jpg,4
8363,8363.jpg,4
8364,8364.jpg,4
8365,8365.jpg,4
8366,8366.jpg,2
8367,8367.jpg,3
8368,8368.jpg,2
8369,8369.jpg,4
8370,8370.jpg,6
8371,8371.jpg,2
8372,8372.jpg,5
8373,8373.jpg,4
8374,8374.jpg,4
8375,8375.jpg,2
8376,8376.jpg,4
8377,8377.jpg,4
8378,8378.jpg,2
8379,8379.jpg,2
8380,8380.jpg,4
8381,8381.jpg,3
8382,8382.jpg,3
8383,8383.jpg,4
8384,8384.jpg,4
8385,8385.jpg,6
8386,8386.jpg,2
8387,8387.jpg,2
8388,8388.jpg,5
8389,8389.jpg,2
8390,8390.jpg,6
8391,8391.jpg,4
8392,8392.jpg,2
8393,8393.jpg,2
8394,8394.jpg,2
8395,8395.jpg,6
8396,8396.jpg,2
8397,8397.jpg,4
8398,8398.jpg,4
8399,8399.jpg,2
8400,8400.jpg,4
8401,8401.jpg,4
8402,8402.jpg,2
8403,8403.jpg,5
8404,8404.jpg,4
8405,8405.jpg,5
8406,8406.jpg,4
8407,8407.jpg,4
8408,8408.jpg,1
8409,8409.jpg,2
8410,8410.jpg,2
8411,8411.jpg,4
8412,8412.jpg,2
8413,8413.jpg,2
8414,8414.jpg,4
8415,8415.jpg,4
8416,8416.jpg,6
8417,8417.jpg,5
8418,8418.jpg,2
8419,8419.jpg,4
8420,8420.jpg,6
8421,8421.jpg,4
8422,8422.jpg,4
8423,8423.jpg,2
8424,8424.jpg,2
8425,8425.jpg,2
8426,8426.jpg,4
8427,8427.jpg,2
8428,8428.jpg,5
8429,8429.jpg,4
8430,8430.jpg,2
8431,8431.jpg,4
8432,8432.jpg,6
8433,8433.jpg,2
8434,8434.jpg,4
8435,8435.jpg,5
8436,8436.jpg,4
8437,8437.jpg,3
8438,8438.jpg,2
8439,8439.jpg,2
8440,8440.jpg,4
8441,8441.jpg,4
8442,8442.jpg,2
8443,8443.jpg,4
8444,8444.jpg,4
8445,8445.jpg,2
8446,8446.jpg,5
8447,8447.jpg,4
8448,8448.jpg,4
8449,8449.jpg,4
8450,8450.jpg,5
8451,8451.jpg,2
8452,8452.jpg,5
8453,8453.jpg,2
8454,8454.jpg,4
8455,8455.jpg,2
8456,8456.jpg,5
8457,8457.jpg,6
8458,8458.jpg,4
8459,8459.jpg,2
8460,8460.jpg,1
8461,8461.jpg,4
8462,8462.jpg,4
8463,8463.jpg,2
8464,8464.jpg,3
8465,8465.jpg,2
8466,8466.jpg,4
8467,8467.jpg,4
8468,8468.jpg,4
8469,8469.jpg,4
8470,8470.jpg,2
8471,8471.jpg,5
8472,8472.jpg,2
8473,8473.jpg,4
8474,8474.jpg,4
8475,8475.jpg,4
8476,8476.jpg,4
8477,8477.jpg,4
8478,8478.jpg,2
8479,8479.jpg,2
8480,8480.jpg,2
8481,8481.jpg,2
8482,8482.jpg,2
8483,8483.jpg,4
8484,8484.jpg,2
8485,8485.jpg,5
8486,8486.jpg,4
8487,8487.jpg,4
8488,8488.jpg,4
8489,8489.jpg,2
8490,8490.jpg,4
8491,8491.jpg,2
8492,8492.jpg,4
8493,8493.jpg,4
8494,8494.jpg,4
8495,8495.jpg,4
8496,8496.jpg,2
8497,8497.jpg,5
8498,8498.jpg,2
8499,8499.jpg,2
8500,8500.jpg,1
8501,8501.jpg,6
8502,8502.jpg,6
8503,8503.jpg,2
8504,8504.jpg,5
8505,8505.jpg,4
8506,8506.jpg,2
8507,8507.jpg,2
8508,8508.jpg,6
8509,8509.jpg,2
8510,8510.jpg,5
8511,8511.jpg,3
8512,8512.jpg,2
8513,8513.jpg,6
8514,8514.jpg,3
8515,8515.jpg,4
8516,8516.jpg,6
8517,8517.jpg,3
8518,8518.jpg,6
8519,8519.jpg,2
8520,8520.jpg,5
8521,8521.jpg,4
8522,8522.jpg,5
8523,8523.jpg,4
8524,8524.jpg,4
8525,8525.jpg,4
8526,8526.jpg,2
8527,8527.jpg,4
8528,8528.jpg,6
8529,8529.jpg,4
8530,8530.jpg,2
8531,8531.jpg,2
8532,8532.jpg,6
8533,8533.jpg,2
8534,8534.jpg,6
8535,8535.jpg,2
8536,8536.jpg,2
8537,8537.jpg,6
8538,8538.jpg,2
8539,8539.jpg,2
8540,8540.jpg,2
8541,8541.jpg,2
8542,8542.jpg,2
8543,8543.jpg,5
8544,8544.jpg,2
8545,8545.jpg,4
8546,8546.jpg,2
8547,8547.jpg,4
8548,8548.jpg,2
8549,8549.jpg,6
8550,8550.jpg,4
8551,8551.jpg,6
8552,8552.jpg,4
8553,8553.jpg,2
8554,8554.jpg,4
8555,8555.jpg,2
8556,8556.jpg,2
8557,8557.jpg,5
8558,8558.jpg,4
8559,8559.jpg,4
8560,8560.jpg,5
8561,8561.jpg,5
8562,8562.jpg,4
8563,8563.jpg,3
8564,8564.jpg,4
8565,8565.jpg,4
8566,8566.jpg,5
8567,8567.jpg,2
8568,8568.jpg,5
8569,8569.jpg,2
8570,8570.jpg,1
8571,8571.jpg,2
8572,8572.jpg,6
8573,8573.jpg,2
8574,8574.jpg,4
8575,8575.jpg,4
8576,8576.jpg,2
8577,8577.jpg,4
8578,8578.jpg,2
8579,8579.jpg,2
8580,8580.jpg,4
8581,8581.jpg,4
8582,8582.jpg,4
8583,8583.jpg,4
8584,8584.jpg,2
8585,8585.jpg,4
8586,8586.jpg,2
8587,8587.jpg,6
8588,8588.jpg,5
8589,8589.jpg,2
8590,8590.jpg,5
8591,8591.jpg,4
8592,8592.jpg,2
8593,8593.jpg,2
8594,8594.jpg,6
8595,8595.jpg,3
8596,8596.jpg,4
8597,8597.jpg,2
8598,8598.jpg,4
8599,8599.jpg,2
8600,8600.jpg,6
8601,8601.jpg,5
8602,8602.jpg,5
8603,8603.jpg,6
8604,8604.jpg,2
8605,8605.jpg,2
8606,8606.jpg,2
8607,8607.jpg,2
8608,8608.jpg,3
8609,8609.jpg,5
8610,8610.jpg,4
8611,8611.jpg,5
8612,8612.jpg,3
8613,8613.jpg,2
8614,8614.jpg,4
8615,8615.jpg,4
8616,8616.jpg,4
8617,8617.jpg,4
8618,8618.jpg,2
8619,8619.jpg,6
8620,8620.jpg,4
8621,8621.jpg,5
8622,8622.jpg,4
8623,8623.jpg,2
8624,8624.jpg,2
8625,8625.jpg,2
8626,8626.jpg,4
8627,8627.jpg,5
8628,8628.jpg,2
8629,8629.jpg,6
8630,8630.jpg,3
8631,8631.jpg,2
8632,8632.jpg,3
8633,8633.jpg,5
8634,8634.jpg,3
8635,8635.jpg,4
8636,8636.jpg,5
8637,8637.jpg,2
8638,8638.jpg,4
8639,8639.jpg,2
8640,8640.jpg,5
8641,8641.jpg,4
8642,8642.jpg,6
8643,8643.jpg,5
8644,8644.jpg,2
8645,8645.jpg,2
8646,8646.jpg,5
8647,8647.jpg,2
8648,8648.jpg,5
8649,8649.jpg,5
8650,8650.jpg,4
8651,8651.jpg,4
8652,8652.jpg,2
8653,8653.jpg,4
8654,8654.jpg,3
8655,8655.jpg,2
8656,8656.jpg,3
8657,8657.jpg,2
8658,8658.jpg,2
8659,8659.jpg,2
8660,8660.jpg,3
8661,8661.jpg,2
8662,8662.jpg,3
8663,8663.jpg,2
8664,8664.jpg,4
8665,8665.jpg,2
8666,8666.jpg,4
8667,8667.jpg,3
8668,8668.jpg,3
8669,8669.jpg,4
8670,8670.jpg,2
8671,8671.jpg,5
8672,8672.jpg,4
8673,8673.jpg,2
8674,8674.jpg,3
8675,8675.jpg,5
8676,8676.jpg,4
8677,8677.jpg,2
8678,8678.jpg,2
8679,8679.jpg,2
8680,8680.jpg,6
8681,8681.jpg,4
8682,8682.jpg,2
8683,8683.jpg,2
8684,8684.jpg,3
8685,8685.jpg,4
8686,8686.jpg,4
8687,8687.jpg,6
8688,8688.jpg,5
8689,8689.jpg,3
8690,8690.jpg,5
8691,8691.jpg,5
8692,8692.jpg,2
8693,8693.jpg,4
8694,8694.jpg,4
8695,8695.jpg,4
8696,8696.jpg,5
8697,8697.jpg,6
8698,8698.jpg,1
8699,8699.jpg,3
8700,8700.jpg,6
8701,8701.jpg,2
8702,8702.jpg,2
8703,8703.jpg,4
8704,8704.jpg,4
8705,8705.jpg,4
8706,8706.jpg,5
8707,8707.jpg,5
8708,8708.jpg,4
8709,8709.jpg,6
8710,8710.jpg,4
8711,8711.jpg,4
8712,8712.jpg,2
8713,8713.jpg,2
8714,8714.jpg,2
8715,8715.jpg,5
8716,8716.jpg,4
8717,8717.jpg,4
8718,8718.jpg,4
8719,8719.jpg,4
8720,8720.jpg,6
8721,8721.jpg,4
8722,8722.jpg,6
8723,8723.jpg,5
8724,8724.jpg,2
8725,8725.jpg,4
8726,8726.jpg,2
8727,8727.jpg,4
8728,8728.jpg,4
8729,8729.jpg,2
8730,8730.jpg,2
8731,8731.jpg,6
8732,8732.jpg,2
8733,8733.jpg,3
8734,8734.jpg,2
8735,8735.jpg,2
8736,8736.jpg,2
8737,8737.jpg,4
8738,8738.jpg,3
8739,8739.jpg,5
8740,8740.jpg,5
8741,8741.jpg,2
8742,8742.jpg,4
8743,8743.jpg,5
8744,8744.jpg,2
8745,8745.jpg,2
8746,8746.jpg,2
8747,8747.jpg,6
8748,8748.jpg,2
8749,8749.jpg,4
8750,8750.jpg,2
8751,8751.jpg,6
8752,8752.jpg,4
8753,8753.jpg,4
8754,8754.jpg,5
8755,8755.jpg,2
8756,8756.jpg,2
8757,8757.jpg,2
8758,8758.jpg,2
8759,8759.jpg,6
8760,8760.jpg,5
8761,8761.jpg,4
8762,8762.jpg,5
8763,8763.jpg,2
8764,8764.jpg,5
8765,8765.jpg,2
8766,8766.jpg,4
8767,8767.jpg,6
8768,8768.jpg,2
8769,8769.jpg,6
8770,8770.jpg,4
8771,8771.jpg,2
8772,8772.jpg,4
8773,8773.jpg,3
8774,8774.jpg,6
8775,8775.jpg,4
8776,8776.jpg,2
8777,8777.jpg,4
8778,8778.jpg,5
8779,8779.jpg,4
8780,8780.jpg,2
8781,8781.jpg,4
8782,8782.jpg,2
8783,8783.jpg,5
8784,8784.jpg,3
8785,8785.jpg,2
8786,8786.jpg,6
8787,8787.jpg,5
8788,8788.jpg,4
8789,8789.jpg,4
8790,8790.jpg,2
8791,8791.jpg,2
8792,8792.jpg,4
8793,8793.jpg,6
8794,8794.jpg,3
8795,8795.jpg,4
8796,8796.jpg,2
8797,8797.jpg,5
8798,8798.jpg,4
8799,8799.jpg,4
8800,8800.jpg,2
8801,8801.jpg,2
8802,8802.jpg,2
8803,8803.jpg,4
8804,8804.jpg,4
8805,8805.jpg,5
8806,8806.jpg,3
8807,8807.jpg,4
8808,8808.jpg,5
8809,8809.jpg,6
8810,8810.jpg,2
8811,8811.jpg,4
8812,8812.jpg,4
8813,8813.jpg,2
8814,8814.jpg,3
8815,8815.jpg,2
8816,8816.jpg,2
8817,8817.jpg,3
8818,8818.jpg,2
8819,8819.jpg,6
8820,8820.jpg,4
8821,8821.jpg,3
8822,8822.jpg,2
8823,8823.jpg,4
8824,8824.jpg,4
8825,8825.jpg,2
8826,8826.jpg,6
8827,8827.jpg,5
8828,8828.jpg,2
8829,8829.jpg,6
8830,8830.jpg,4
8831,8831.jpg,4
8832,8832.jpg,4
8833,8833.jpg,5
8834,8834.jpg,4
8835,8835.jpg,6
8836,8836.jpg,6
8837,8837.jpg,4
8838,8838.jpg,6
8839,8839.jpg,4
8840,8840.jpg,2
8841,8841.jpg,5
8842,8842.jpg,4
8843,8843.jpg,4
8844,8844.jpg,5
8845,8845.jpg,5
8846,8846.jpg,2
8847,8847.jpg,6
8848,8848.jpg,4
8849,8849.jpg,5
8850,8850.jpg,4
8851,8851.jpg,4
8852,8852.jpg,6
8853,8853.jpg,6
8854,8854.jpg,2
8855,8855.jpg,4
8856,8856.jpg,5
8857,8857.jpg,2
8858,8858.jpg,2
8859,8859.jpg,4
8860,8860.jpg,4
8861,8861.jpg,2
8862,8862.jpg,3
8863,8863.jpg,6
8864,8864.jpg,5
8865,8865.jpg,6
8866,8866.jpg,2
8867,8867.jpg,6
8868,8868.jpg,3
8869,8869.jpg,2
8870,8870.jpg,5
8871,8871.jpg,2
8872,8872.jpg,5
8873,8873.jpg,4
8874,8874.jpg,2
8875,8875.jpg,2
8876,8876.jpg,4
8877,8877.jpg,2
8878,8878.jpg,2
8879,8879.jpg,5
8880,8880.jpg,6
8881,8881.jpg,2
8882,8882.jpg,3
8883,8883.jpg,4
8884,8884.jpg,6
8885,8885.jpg,2
8886,8886.jpg,4
8887,8887.jpg,5
8888,8888.jpg,2
8889,8889.jpg,6
8890,8890.jpg,4
8891,8891.jpg,4
8892,8892.jpg,2
8893,8893.jpg,6
8894,8894.jpg,2
8895,8895.jpg,5
8896,8896.jpg,4
8897,8897.jpg,2
8898,8898.jpg,2
8899,8899.jpg,2
8900,8900.jpg,6
8901,8901.jpg,2
8902,8902.jpg,2
8903,8903.jpg,2
8904,8904.jpg,2
8905,8905.jpg,2
8906,8906.jpg,2
8907,8907.jpg,2
8908,8908.jpg,5
8909,8909.jpg,4
8910,8910.jpg,2
8911,8911.jpg,4
8912,8912.jpg,2
8913,8913.jpg,2
8914,8914.jpg,2
8915,8915.jpg,4
8916,8916.jpg,5
8917,8917.jpg,2
8918,8918.jpg,4
8919,8919.jpg,5
8920,8920.jpg,2
8921,8921.jpg,2
8922,8922.jpg,4
8923,8923.jpg,4
8924,8924.jpg,2
8925,8925.jpg,2
8926,8926.jpg,5
8927,8927.jpg,5
8928,8928.jpg,4
8929,8929.jpg,4
8930,8930.jpg,4
8931,8931.jpg,2
8932,8932.jpg,2
8933,8933.jpg,5
8934,8934.jpg,2
8935,8935.jpg,2
8936,8936.jpg,2
8937,8937.jpg,4
8938,8938.jpg,6
8939,8939.jpg,2
8940,8940.jpg,4
8941,8941.jpg,4
8942,8942.jpg,4
8943,8943.jpg,2
8944,8944.jpg,6
8945,8945.jpg,2
8946,8946.jpg,4
8947,8947.jpg,2
8948,8948.jpg,4
8949,8949.jpg,4
8950,8950.jpg,4
8951,8951.jpg,2
8952,8952.jpg,5
8953,8953.jpg,3
8954,8954.jpg,2
8955,8955.jpg,3
8956,8956.jpg,4
8957,8957.jpg,4
8958,8958.jpg,2
8959,8959.jpg,2
8960,8960.jpg,4
8961,8961.jpg,2
8962,8962.jpg,2
8963,8963.jpg,6
8964,8964.jpg,2
8965,8965.jpg,2
8966,8966.jpg,2
8967,8967.jpg,4
8968,8968.jpg,2
8969,8969.jpg,3
8970,8970.jpg,3
8971,8971.jpg,4
8972,8972.jpg,2
8973,8973.jpg,4
8974,8974.jpg,4
8975,8975.jpg,2
8976,8976.jpg,5
8977,8977.jpg,5
8978,8978.jpg,4
8979,8979.jpg,2
8980,8980.jpg,2
8981,8981.jpg,2
8982,8982.jpg,5
8983,8983.jpg,5
8984,8984.jpg,4
8985,8985.jpg,4
8986,8986.jpg,2
8987,8987.jpg,2
8988,8988.jpg,6
8989,8989.jpg,2
8990,8990.jpg,4
8991,8991.jpg,4
8992,8992.jpg,4
8993,8993.jpg,4
8994,8994.jpg,2
8995,8995.jpg,4
8996,8996.jpg,4
8997,8997.jpg,4
8998,8998.jpg,2
8999,8999.jpg,6
9000,9000.jpg,5
9001,9001.jpg,2
9002,9002.jpg,2
9003,9003.jpg,4
9004,9004.jpg,4
9005,9005.jpg,2
9006,9006.jpg,4
9007,9007.jpg,2
9008,9008.jpg,4
9009,9009.jpg,5
9010,9010.jpg,3
9011,9011.jpg,2
9012,9012.jpg,4
9013,9013.jpg,4
9014,9014.jpg,6
9015,9015.jpg,2
9016,9016.jpg,2
9017,9017.jpg,2
9018,9018.jpg,6
9019,9019.jpg,4
9020,9020.jpg,5
9021,9021.jpg,6
9022,9022.jpg,4
9023,9023.jpg,5
9024,9024.jpg,5
9025,9025.jpg,4
9026,9026.jpg,5
9027,9027.jpg,4
9028,9028.jpg,4
9029,9029.jpg,4
9030,9030.jpg,4
9031,9031.jpg,3
9032,9032.jpg,3
9033,9033.jpg,5
9034,9034.jpg,5
9035,9035.jpg,5
9036,9036.jpg,4
9037,9037.jpg,2
9038,9038.jpg,6
9039,9039.jpg,4
9040,9040.jpg,5
9041,9041.jpg,5
9042,9042.jpg,6
9043,9043.jpg,2
9044,9044.jpg,4
9045,9045.jpg,2
9046,9046.jpg,4
9047,9047.jpg,2
9048,9048.jpg,2
9049,9049.jpg,2
9050,9050.jpg,4
9051,9051.jpg,5
9052,9052.jpg,2
9053,9053.jpg,3
9054,9054.jpg,2
9055,9055.jpg,4
9056,9056.jpg,4
9057,9057.jpg,4
9058,9058.jpg,6
9059,9059.jpg,5
9060,9060.jpg,2
9061,9061.jpg,3
9062,9062.jpg,2
9063,9063.jpg,2
9064,9064.jpg,6
9065,9065.jpg,3
9066,9066.jpg,3
9067,9067.jpg,4
9068,9068.jpg,4
9069,9069.jpg,4
9070,9070.jpg,4
9071,9071.jpg,3
9072,9072.jpg,4
9073,9073.jpg,5
9074,9074.jpg,2
9075,9075.jpg,4
9076,9076.jpg,2
9077,9077.jpg,4
9078,9078.jpg,4
9079,9079.jpg,2
9080,9080.jpg,5
9081,9081.jpg,4
9082,9082.jpg,6
9083,9083.jpg,2
9084,9084.jpg,4
9085,9085.jpg,1
9086,9086.jpg,2
9087,9087.jpg,6
9088,9088.jpg,6
9089,9089.jpg,4
9090,9090.jpg,4
9091,9091.jpg,2
9092,9092.jpg,3
9093,9093.jpg,5
9094,9094.jpg,4
9095,9095.jpg,4
9096,9096.jpg,1
9097,9097.jpg,3
9098,9098.jpg,5
9099,9099.jpg,4
9100,9100.jpg,4
9101,9101.jpg,4
9102,9102.jpg,1
9103,9103.jpg,2
9104,9104.jpg,2
9105,9105.jpg,4
9106,9106.jpg,4
9107,9107.jpg,6
9108,9108.jpg,5
9109,9109.jpg,4
9110,9110.jpg,2
9111,9111.jpg,4
9112,9112.jpg,5
9113,9113.jpg,2
9114,9114.jpg,2
9115,9115.jpg,4
9116,9116.jpg,2
9117,9117.jpg,4
9118,9118.jpg,4
9119,9119.jpg,6
9120,9120.jpg,4
9121,9121.jpg,6
9122,9122.jpg,2
9123,9123.jpg,2
9124,9124.jpg,4
9125,9125.jpg,2
9126,9126.jpg,2
9127,9127.jpg,2
9128,9128.jpg,2
9129,9129.jpg,5
9130,9130.jpg,2
9131,9131.jpg,4
9132,9132.jpg,4
9133,9133.jpg,6
9134,9134.jpg,5
9135,9135.jpg,2
9136,9136.jpg,2
9137,9137.jpg,6
9138,9138.jpg,2
9139,9139.jpg,4
9140,9140.jpg,5
9141,9141.jpg,5
9142,9142.jpg,5
9143,9143.jpg,6
9144,9144.jpg,4
9145,9145.jpg,4
9146,9146.jpg,2
9147,9147.jpg,6
9148,9148.jpg,2
9149,9149.jpg,2
9150,9150.jpg,6
9151,9151.jpg,4
9152,9152.jpg,6
9153,9153.jpg,2
9154,9154.jpg,2
9155,9155.jpg,2
9156,9156.jpg,4
9157,9157.jpg,4
9158,9158.jpg,6
9159,9159.jpg,4
9160,9160.jpg,2
9161,9161.jpg,4
9162,9162.jpg,2
9163,9163.jpg,2
9164,9164.jpg,4
9165,9165.jpg,2
9166,9166.jpg,4
9167,9167.jpg,5
9168,9168.jpg,6
9169,9169.jpg,4
9170,9170.jpg,3
9171,9171.jpg,5
9172,9172.jpg,4
9173,9173.jpg,4
9174,9174.jpg,6
9175,9175.jpg,4
9176,9176.jpg,3
9177,9177.jpg,4
9178,9178.jpg,5
9179,9179.jpg,4
9180,9180.jpg,5
9181,9181.jpg,2
9182,9182.jpg,3
9183,9183.jpg,5
9184,9184.jpg,2
9185,9185.jpg,5
9186,9186.jpg,5
9187,9187.jpg,4
9188,9188.jpg,2
9189,9189.jpg,2
9190,9190.jpg,4
9191,9191.jpg,4
9192,9192.jpg,5
9193,9193.jpg,4
9194,9194.jpg,4
9195,9195.jpg,2
9196,9196.jpg,4
9197,9197.jpg,5
9198,9198.jpg,3
9199,9199.jpg,2
9200,9200.jpg,5
9201,9201.jpg,4
9202,9202.jpg,4
9203,9203.jpg,4
9204,9204.jpg,2
9205,9205.jpg,4
9206,9206.jpg,3
9207,9207.jpg,6
9208,9208.jpg,2
9209,9209.jpg,4
9210,9210.jpg,2
9211,9211.jpg,4
9212,9212.jpg,3
9213,9213.jpg,6
9214,9214.jpg,4
9215,9215.jpg,2
9216,9216.jpg,3
9217,9217.jpg,1
9218,9218.jpg,2
9219,9219.jpg,5
9220,9220.jpg,4
9221,9221.jpg,2
9222,9222.jpg,5
9223,9223.jpg,3
9224,9224.jpg,4
9225,9225.jpg,2
9226,9226.jpg,6
9227,9227.jpg,4
9228,9228.jpg,3
9229,9229.jpg,2
9230,9230.jpg,5
9231,9231.jpg,2
9232,9232.jpg,4
9233,9233.jpg,6
9234,9234.jpg,5
9235,9235.jpg,4
9236,9236.jpg,2
9237,9237.jpg,3
9238,9238.jpg,5
9239,9239.jpg,4
9240,9240.jpg,3
9241,9241.jpg,3
9242,9242.jpg,3
9243,9243.jpg,4
9244,9244.jpg,5
9245,9245.jpg,6
9246,9246.jpg,4
9247,9247.jpg,5
9248,9248.jpg,4
9249,9249.jpg,4
9250,9250.jpg,5
9251,9251.jpg,4
9252,9252.jpg,4
9253,9253.jpg,4
9254,9254.jpg,5
9255,9255.jpg,3
9256,9256.jpg,2
9257,9257.jpg,5
9258,9258.jpg,5
9259,9259.jpg,2
9260,9260.jpg,2
9261,9261.jpg,3
9262,9262.jpg,2
9263,9263.jpg,4
9264,9264.jpg,4
9265,9265.jpg,6
9266,9266.jpg,6
9267,9267.jpg,4
9268,9268.jpg,6
9269,9269.jpg,4
9270,9270.jpg,2
9271,9271.jpg,4
9272,9272.jpg,6
9273,9273.jpg,2
9274,9274.jpg,5
9275,9275.jpg,4
9276,9276.jpg,4
9277,9277.jpg,2
9278,9278.jpg,4
9279,9279.jpg,2
9280,9280.jpg,4
9281,9281.jpg,2
9282,9282.jpg,4
9283,9283.jpg,4
9284,9284.jpg,4
9285,9285.jpg,3
9286,9286.jpg,4
9287,9287.jpg,3
9288,9288.jpg,2
9289,9289.jpg,4
9290,9290.jpg,2
9291,9291.jpg,4
9292,9292.jpg,2
9293,9293.jpg,1
9294,9294.jpg,5
9295,9295.jpg,4
9296,9296.jpg,5
9297,9297.jpg,4
9298,9298.jpg,2
9299,9299.jpg,4
9300,9300.jpg,6
9301,9301.jpg,4
9302,9302.jpg,3
9303,9303.jpg,2
9304,9304.jpg,6
9305,9305.jpg,6
9306,9306.jpg,4
9307,9307.jpg,4
9308,9308.jpg,2
9309,9309.jpg,5
9310,9310.jpg,2
9311,9311.jpg,2
9312,9312.jpg,6
9313,9313.jpg,4
9314,9314.jpg,4
9315,9315.jpg,2
9316,9316.jpg,4
9317,9317.jpg,2
9318,9318.jpg,5
9319,9319.jpg,6
9320,9320.jpg,6
9321,9321.jpg,2
9322,9322.jpg,2
9323,9323.jpg,5
9324,9324.jpg,5
9325,9325.jpg,2
9326,9326.jpg,4
9327,9327.jpg,4
9328,9328.jpg,2
9329,9329.jpg,5
9330,9330.jpg,2
9331,9331.jpg,4
9332,9332.jpg,3
9333,9333.jpg,2
9334,9334.jpg,6
9335,9335.jpg,4
9336,9336.jpg,5
9337,9337.jpg,6
9338,9338.jpg,6
9339,9339.jpg,5
9340,9340.jpg,5
9341,9341.jpg,1
9342,9342.jpg,6
9343,9343.jpg,2
9344,9344.jpg,4
9345,9345.jpg,2
9346,9346.jpg,4
9347,9347.jpg,2
9348,9348.jpg,2
9349,9349.jpg,5
9350,9350.jpg,4
9351,9351.jpg,3
9352,9352.jpg,6
9353,9353.jpg,4
9354,9354.jpg,2
9355,9355.jpg,4
9356,9356.jpg,4
9357,9357.jpg,5
9358,9358.jpg,4
9359,9359.jpg,5
9360,9360.jpg,5
9361,9361.jpg,4
9362,9362.jpg,2
9363,9363.jpg,4
9364,9364.jpg,4
9365,9365.jpg,2
9366,9366.jpg,2
9367,9367.jpg,2
9368,9368.jpg,2
9369,9369.jpg,3
9370,9370.jpg,4
9371,9371.jpg,2
9372,9372.jpg,4
9373,9373.jpg,4
9374,9374.jpg,2
9375,9375.jpg,2
9376,9376.jpg,6
9377,9377.jpg,4
9378,9378.jpg,2
9379,9379.jpg,4
9380,9380.jpg,5
9381,9381.jpg,2
9382,9382.jpg,3
9383,9383.jpg,2
9384,9384.jpg,4
9385,9385.jpg,4
9386,9386.jpg,3
9387,9387.jpg,2
9388,9388.jpg,5
9389,9389.jpg,2
9390,9390.jpg,2
9391,9391.jpg,4
9392,9392.jpg,4
9393,9393.jpg,2
9394,9394.jpg,5
9395,9395.jpg,2
9396,9396.jpg,5
9397,9397.jpg,2
9398,9398.jpg,4
9399,9399.jpg,4
9400,9400.jpg,6
9401,9401.jpg,2
9402,9402.jpg,2
9403,9403.jpg,6
9404,9404.jpg,4
9405,9405.jpg,6
9406,9406.jpg,4
9407,9407.jpg,2
9408,9408.jpg,5
9409,9409.jpg,5
9410,9410.jpg,5
9411,9411.jpg,6
9412,9412.jpg,5
9413,9413.jpg,6
9414,9414.jpg,5
9415,9415.jpg,5
9416,9416.jpg,4
9417,9417.jpg,3
9418,9418.jpg,6
9419,9419.jpg,4
9420,9420.jpg,5
9421,9421.jpg,6
9422,9422.jpg,4
9423,9423.jpg,6
9424,9424.jpg,5
9425,9425.jpg,6
9426,9426.jpg,4
9427,9427.jpg,4
9428,9428.jpg,2
9429,9429.jpg,5
9430,9430.jpg,2
9431,9431.jpg,2
9432,9432.jpg,3
9433,9433.jpg,3
9434,9434.jpg,5
9435,9435.jpg,2
9436,9436.jpg,5
9437,9437.jpg,6
9438,9438.jpg,2
9439,9439.jpg,5
9440,9440.jpg,3
9441,9441.jpg,4
9442,9442.jpg,6
9443,9443.jpg,4
9444,9444.jpg,4
9445,9445.jpg,4
9446,9446.jpg,6
9447,9447.jpg,2
9448,9448.jpg,4
9449,9449.jpg,5
9450,9450.jpg,6
9451,9451.jpg,5
9452,9452.jpg,4
9453,9453.jpg,4
9454,9454.jpg,4
9455,9455.jpg,3
9456,9456.jpg,4
9457,9457.jpg,4
9458,9458.jpg,5
9459,9459.jpg,2
9460,9460.jpg,2
9461,9461.jpg,4
9462,9462.jpg,2
9463,9463.jpg,2
9464,9464.jpg,2
9465,9465.jpg,6
9466,9466.jpg,2
9467,9467.jpg,2
9468,9468.jpg,6
9469,9469.jpg,4
9470,9470.jpg,3
9471,9471.jpg,2
9472,9472.jpg,4
9473,9473.jpg,4
9474,9474.jpg,6
9475,9475.jpg,4
9476,9476.jpg,4
9477,9477.jpg,3
9478,9478.jpg,4
9479,9479.jpg,2
9480,9480.jpg,2
9481,9481.jpg,4
9482,9482.jpg,2
9483,9483.jpg,6
9484,9484.jpg,5
9485,9485.jpg,4
9486,9486.jpg,2
9487,9487.jpg,4
9488,9488.jpg,4
9489,9489.jpg,2
9490,9490.jpg,2
9491,9491.jpg,2
9492,9492.jpg,2
9493,9493.jpg,4
9494,9494.jpg,3
9495,9495.jpg,4
9496,9496.jpg,2
9497,9497.jpg,2
9498,9498.jpg,5
9499,9499.jpg,2
9500,9500.jpg,2
9501,9501.jpg,4
9502,9502.jpg,6
9503,9503.jpg,2
9504,9504.jpg,4
9505,9505.jpg,5
9506,9506.jpg,4
9507,9507.jpg,2
9508,9508.jpg,4
9509,9509.jpg,2
9510,9510.jpg,2
9511,9511.jpg,2
9512,9512.jpg,2
9513,9513.jpg,2
9514,9514.jpg,2
9515,9515.jpg,3
9516,9516.jpg,2
9517,9517.jpg,2
9518,9518.jpg,4
9519,9519.jpg,3
9520,9520.jpg,2
9521,9521.jpg,2
9522,9522.jpg,2
9523,9523.jpg,4
9524,9524.jpg,2
9525,9525.jpg,4
9526,9526.jpg,4
9527,9527.jpg,2
9528,9528.jpg,2
9529,9529.jpg,5
9530,9530.jpg,2
9531,9531.jpg,4
9532,9532.jpg,2
9533,9533.jpg,5
9534,9534.jpg,4
9535,9535.jpg,3
9536,9536.jpg,2
9537,9537.jpg,2
9538,9538.jpg,4
9539,9539.jpg,4
9540,9540.jpg,3
9541,9541.jpg,5
9542,9542.jpg,2
9543,9543.jpg,2
9544,9544.jpg,2
9545,9545.jpg,4
9546,9546.jpg,6
9547,9547.jpg,4
9548,9548.jpg,4
9549,9549.jpg,2
9550,9550.jpg,2
9551,9551.jpg,4
9552,9552.jpg,4
9553,9553.jpg,4
9554,9554.jpg,3
9555,9555.jpg,5
9556,9556.jpg,5
9557,9557.jpg,2
9558,9558.jpg,2
9559,9559.jpg,4
9560,9560.jpg,2
9561,9561.jpg,3
9562,9562.jpg,5
9563,9563.jpg,1
9564,9564.jpg,4
9565,9565.jpg,4
9566,9566.jpg,1
9567,9567.jpg,4
9568,9568.jpg,5
9569,9569.jpg,4
9570,9570.jpg,4
9571,9571.jpg,2
9572,9572.jpg,4
9573,9573.jpg,4
9574,9574.jpg,4
9575,9575.jpg,4
9576,9576.jpg,4
9577,9577.jpg,6
9578,9578.jpg,2
9579,9579.jpg,3
9580,9580.jpg,5
9581,9581.jpg,2
9582,9582.jpg,5
9583,9583.jpg,3
9584,9584.jpg,4
9585,9585.jpg,4
9586,9586.jpg,6
9587,9587.jpg,4
9588,9588.jpg,3
9589,9589.jpg,6
9590,9590.jpg,5
9591,9591.jpg,5
9592,9592.jpg,4
9593,9593.jpg,4
9594,9594.jpg,2
9595,9595.jpg,6
9596,9596.jpg,2
9597,9597.jpg,4
9598,9598.jpg,4
9599,9599.jpg,6
9600,9600.jpg,4
9601,9601.jpg,2
9602,9602.jpg,2
9603,9603.jpg,2
9604,9604.jpg,5
9605,9605.jpg,2
9606,9606.jpg,4
9607,9607.jpg,4
9608,9608.jpg,2
9609,9609.jpg,2
9610,9610.jpg,2
9611,9611.jpg,5
9612,9612.jpg,4
9613,9613.jpg,3
9614,9614.jpg,6
9615,9615.jpg,5
9616,9616.jpg,4
9617,9617.jpg,2
9618,9618.jpg,2
9619,9619.jpg,4
9620,9620.jpg,2
9621,9621.jpg,4
9622,9622.jpg,4
9623,9623.jpg,6
9624,9624.jpg,3
9625,9625.jpg,2
9626,9626.jpg,4
9627,9627.jpg,2
9628,9628.jpg,6
9629,9629.jpg,4
9630,9630.jpg,2
9631,9631.jpg,2
9632,9632.jpg,6
9633,9633.jpg,3
9634,9634.jpg,2
9635,9635.jpg,4
9636,9636.jpg,4
9637,9637.jpg,2
9638,9638.jpg,2
9639,9639.jpg,4
9640,9640.jpg,2
9641,9641.jpg,2
9642,9642.jpg,2
9643,9643.jpg,2
9644,9644.jpg,5
9645,9645.jpg,4
9646,9646.jpg,5
9647,9647.jpg,2
9648,9648.jpg,4
9649,9649.jpg,5
9650,9650.jpg,5
9651,9651.jpg,2
9652,9652.jpg,5
9653,9653.jpg,4
9654,9654.jpg,5
9655,9655.jpg,2
9656,9656.jpg,2
9657,9657.jpg,2
9658,9658.jpg,3
9659,9659.jpg,4
9660,9660.jpg,4
9661,9661.jpg,4
9662,9662.jpg,5
9663,9663.jpg,4
9664,9664.jpg,3
9665,9665.jpg,5
9666,9666.jpg,3
9667,9667.jpg,6
9668,9668.jpg,4
9669,9669.jpg,5
9670,9670.jpg,4
9671,9671.jpg,1
9672,9672.jpg,4
9673,9673.jpg,2
9674,9674.jpg,2
9675,9675.jpg,4
9676,9676.jpg,5
9677,9677.jpg,4
9678,9678.jpg,4
9679,9679.jpg,5
9680,9680.jpg,3
9681,9681.jpg,3
9682,9682.jpg,2
9683,9683.jpg,4
9684,9684.jpg,2
9685,9685.jpg,6
9686,9686.jpg,2
9687,9687.jpg,4
9688,9688.jpg,5
9689,9689.jpg,4
9690,9690.jpg,6
9691,9691.jpg,1
9692,9692.jpg,6
9693,9693.jpg,4
9694,9694.jpg,4
9695,9695.jpg,2
9696,9696.jpg,6
9697,9697.jpg,5
9698,9698.jpg,2
9699,9699.jpg,4
9700,9700.jpg,4
9701,9701.jpg,5
9702,9702.jpg,2
9703,9703.jpg,5
9704,9704.jpg,5
9705,9705.jpg,2
9706,9706.jpg,2
9707,9707.jpg,6
9708,9708.jpg,4
9709,9709.jpg,4
9710,9710.jpg,6
9711,9711.jpg,2
9712,9712.jpg,2
9713,9713.jpg,2
9714,9714.jpg,2
9715,9715.jpg,4
9716,9716.jpg,2
9717,9717.jpg,4
9718,9718.jpg,2
9719,9719.jpg,4
9720,9720.jpg,4
9721,9721.jpg,4
9722,9722.jpg,2
9723,9723.jpg,4
9724,9724.jpg,4
9725,9725.jpg,2
9726,9726.jpg,5
9727,9727.jpg,2
9728,9728.jpg,2
9729,9729.jpg,4
9730,9730.jpg,2
9731,9731.jpg,4
9732,9732.jpg,4
9733,9733.jpg,5
9734,9734.jpg,4
9735,9735.jpg,4
9736,9736.jpg,5
9737,9737.jpg,2
9738,9738.jpg,4
9739,9739.jpg,5
9740,9740.jpg,4
9741,9741.jpg,6
9742,9742.jpg,5
9743,9743.jpg,2
9744,9744.jpg,4
9745,9745.jpg,2
9746,9746.jpg,6
9747,9747.jpg,5
9748,9748.jpg,3
9749,9749.jpg,6
9750,9750.jpg,4
9751,9751.jpg,2
9752,9752.jpg,3
9753,9753.jpg,4
9754,9754.jpg,5
9755,9755.jpg,4
9756,9756.jpg,3
9757,9757.jpg,2
9758,9758.jpg,2
9759,9759.jpg,5
9760,9760.jpg,2
9761,9761.jpg,4
9762,9762.jpg,4
9763,9763.jpg,3
9764,9764.jpg,6
9765,9765.jpg,4
9766,9766.jpg,4
9767,9767.jpg,2
9768,9768.jpg,2
9769,9769.jpg,2
9770,9770.jpg,2
9771,9771.jpg,2
9772,9772.jpg,4
9773,9773.jpg,2
9774,9774.jpg,2
9775,9775.jpg,2
9776,9776.jpg,4
9777,9777.jpg,6
9778,9778.jpg,5
9779,9779.jpg,4
9780,9780.jpg,6
9781,9781.jpg,2
9782,9782.jpg,4
9783,9783.jpg,4
9784,9784.jpg,2
9785,9785.jpg,6
9786,9786.jpg,4
9787,9787.jpg,2
9788,9788.jpg,2
9789,9789.jpg,5
9790,9790.jpg,2
9791,9791.jpg,4
9792,9792.jpg,3
9793,9793.jpg,2
9794,9794.jpg,2
9795,9795.jpg,4
9796,9796.jpg,4
9797,9797.jpg,5
9798,9798.jpg,2
9799,9799.jpg,2
9800,9800.jpg,6
9801,9801.jpg,6
9802,9802.jpg,3
9803,9803.jpg,3
9804,9804.jpg,2
9805,9805.jpg,2
9806,9806.jpg,4
9807,9807.jpg,4
9808,9808.jpg,6
9809,9809.jpg,5
9810,9810.jpg,6
9811,9811.jpg,4
9812,9812.jpg,4
9813,9813.jpg,6
9814,9814.jpg,4
9815,9815.jpg,3
9816,9816.jpg,2
9817,9817.jpg,2
9818,9818.jpg,3
9819,9819.jpg,5
9820,9820.jpg,3
9821,9821.jpg,4
9822,9822.jpg,5
9823,9823.jpg,4
9824,9824.jpg,6
9825,9825.jpg,2
9826,9826.jpg,3
9827,9827.jpg,4
9828,9828.jpg,4
9829,9829.jpg,5
9830,9830.jpg,2
9831,9831.jpg,2
9832,9832.jpg,2
9833,9833.jpg,6
9834,9834.jpg,2
9835,9835.jpg,6
9836,9836.jpg,5
9837,9837.jpg,6
9838,9838.jpg,5
9839,9839.jpg,4
9840,9840.jpg,4
9841,9841.jpg,2
9842,9842.jpg,6
9843,9843.jpg,3
9844,9844.jpg,5
9845,9845.jpg,2
9846,9846.jpg,2
9847,9847.jpg,4
9848,9848.jpg,3
9849,9849.jpg,5
9850,9850.jpg,6
9851,9851.jpg,2
9852,9852.jpg,6
9853,9853.jpg,2
9854,9854.jpg,5
9855,9855.jpg,4
9856,9856.jpg,2
9857,9857.jpg,5
9858,9858.jpg,5
9859,9859.jpg,2
9860,9860.jpg,4
9861,9861.jpg,2
9862,9862.jpg,5
9863,9863.jpg,2
9864,9864.jpg,2
9865,9865.jpg,3
9866,9866.jpg,4
9867,9867.jpg,2
9868,9868.jpg,2
9869,9869.jpg,5
9870,9870.jpg,5
9871,9871.jpg,3
9872,9872.jpg,2
9873,9873.jpg,2
9874,9874.jpg,5
9875,9875.jpg,5
9876,9876.jpg,3
9877,9877.jpg,4
9878,9878.jpg,2
9879,9879.jpg,5
9880,9880.jpg,2
9881,9881.jpg,5
9882,9882.jpg,2
9883,9883.jpg,2
9884,9884.jpg,5
9885,9885.jpg,4
9886,9886.jpg,2
9887,9887.jpg,4
9888,9888.jpg,5
9889,9889.jpg,4
9890,9890.jpg,2
9891,9891.jpg,6
9892,9892.jpg,6
9893,9893.jpg,2
9894,9894.jpg,4
9895,9895.jpg,2
9896,9896.jpg,5
9897,9897.jpg,5
9898,9898.jpg,5
9899,9899.jpg,4
9900,9900.jpg,4
9901,9901.jpg,4
9902,9902.jpg,4
9903,9903.jpg,6
9904,9904.jpg,3
9905,9905.jpg,5
9906,9906.jpg,2
9907,9907.jpg,2
9908,9908.jpg,5
9909,9909.jpg,2
9910,9910.jpg,4
9911,9911.jpg,2
9912,9912.jpg,2
9913,9913.jpg,2
9914,9914.jpg,4
9915,9915.jpg,5
9916,9916.jpg,4
9917,9917.jpg,6
9918,9918.jpg,6
9919,9919.jpg,2
9920,9920.jpg,5
9921,9921.jpg,2
9922,9922.jpg,4
9923,9923.jpg,3
9924,9924.jpg,4
9925,9925.jpg,3
9926,9926.jpg,2
9927,9927.jpg,5
9928,9928.jpg,2
9929,9929.jpg,6
9930,9930.jpg,5
9931,9931.jpg,2
9932,9932.jpg,4
9933,9933.jpg,6
9934,9934.jpg,2
9935,9935.jpg,2
9936,9936.jpg,6
9937,9937.jpg,2
9938,9938.jpg,2
9939,9939.jpg,2
9940,9940.jpg,3
9941,9941.jpg,3
9942,9942.jpg,6
9943,9943.jpg,5
9944,9944.jpg,2
9945,9945.jpg,2
9946,9946.jpg,4
9947,9947.jpg,4
9948,9948.jpg,2
9949,9949.jpg,4
9950,9950.jpg,4
9951,9951.jpg,4
9952,9952.jpg,4
9953,9953.jpg,4
9954,9954.jpg,4
9955,9955.jpg,5
9956,9956.jpg,2
9957,9957.jpg,6
9958,9958.jpg,2
9959,9959.jpg,5
9960,9960.jpg,6
9961,9961.jpg,4
9962,9962.jpg,4
9963,9963.jpg,4
9964,9964.jpg,4
9965,9965.jpg,2
9966,9966.jpg,5
9967,9967.jpg,4
9968,9968.jpg,2
9969,9969.jpg,6
9970,9970.jpg,5
9971,9971.jpg,2
9972,9972.jpg,2
9973,9973.jpg,4
9974,9974.jpg,2
9975,9975.jpg,6
9976,9976.jpg,4
9977,9977.jpg,4
9978,9978.jpg,4
9979,9979.jpg,4
9980,9980.jpg,2
9981,9981.jpg,4
9982,9982.jpg,4
9983,9983.jpg,2
9984,9984.jpg,6
9985,9985.jpg,4
9986,9986.jpg,2
9987,9987.jpg,6
9988,9988.jpg,4
9989,9989.jpg,4
9990,9990.jpg,4
9991,9991.jpg,2
9992,9992.jpg,5
9993,9993.jpg,3
9994,9994.jpg,4
9995,9995.jpg,2
9996,9996.jpg,2
9997,9997.jpg,4
9998,9998.jpg,5
9999,9999.jpg,4
10000,10000.jpg,6
10001,10001.jpg,2
10002,10002.jpg,5
10003,10003.jpg,2
10004,10004.jpg,4
10005,10005.jpg,4
10006,10006.jpg,5
10007,10007.jpg,3
10008,10008.jpg,3
10009,10009.jpg,2
10010,10010.jpg,5
10011,10011.jpg,2
10012,10012.jpg,2
10013,10013.jpg,4
10014,10014.jpg,5
10015,10015.jpg,5
10016,10016.jpg,4
10017,10017.jpg,2
10018,10018.jpg,5
10019,10019.jpg,5
10020,10020.jpg,2
10021,10021.jpg,4
10022,10022.jpg,4
10023,10023.jpg,2
10024,10024.jpg,2
10025,10025.jpg,4
10026,10026.jpg,4
10027,10027.jpg,4
10028,10028.jpg,5
10029,10029.jpg,4
10030,10030.jpg,2
10031,10031.jpg,2
10032,10032.jpg,2
10033,10033.jpg,5
10034,10034.jpg,4
10035,10035.jpg,2
10036,10036.jpg,4
10037,10037.jpg,4
10038,10038.jpg,2
10039,10039.jpg,5
10040,10040.jpg,6
10041,10041.jpg,2
10042,10042.jpg,3
10043,10043.jpg,4
10044,10044.jpg,4
10045,10045.jpg,4
10046,10046.jpg,5
10047,10047.jpg,3
10048,10048.jpg,2
10049,10049.jpg,5
10050,10050.jpg,5
10051,10051.jpg,2
10052,10052.jpg,3
10053,10053.jpg,4
10054,10054.jpg,2
10055,10055.jpg,2
10056,10056.jpg,2
10057,10057.jpg,5
10058,10058.jpg,2
10059,10059.jpg,2
10060,10060.jpg,3
10061,10061.jpg,6
10062,10062.jpg,6
10063,10063.jpg,4
10064,10064.jpg,6
10065,10065.jpg,6
10066,10066.jpg,4
10067,10067.jpg,4
10068,10068.jpg,5
10069,10069.jpg,3
10070,10070.jpg,4
10071,10071.jpg,4
10072,10072.jpg,4
10073,10073.jpg,4
10074,10074.jpg,4
10075,10075.jpg,5
10076,10076.jpg,2
10077,10077.jpg,3
10078,10078.jpg,3
10079,10079.jpg,2
10080,10080.jpg,5
10081,10081.jpg,3
10082,10082.jpg,5
10083,10083.jpg,5
10084,10084.jpg,1
10085,10085.jpg,4
10086,10086.jpg,3
10087,10087.jpg,5
10088,10088.jpg,4
10089,10089.jpg,5
10090,10090.jpg,4
10091,10091.jpg,2
10092,10092.jpg,2
10093,10093.jpg,4
10094,10094.jpg,5
10095,10095.jpg,5
10096,10096.jpg,3
10097,10097.jpg,2
10098,10098.jpg,4
10099,10099.jpg,2
10100,10100.jpg,4
10101,10101.jpg,4
10102,10102.jpg,2
10103,10103.jpg,4
10104,10104.jpg,2
10105,10105.jpg,2
10106,10106.jpg,3
10107,10107.jpg,4
10108,10108.jpg,3
10109,10109.jpg,5
10110,10110.jpg,6
10111,10111.jpg,3
10112,10112.jpg,4
10113,10113.jpg,2
10114,10114.jpg,4
10115,10115.jpg,6
10116,10116.jpg,3
10117,10117.jpg,4
10118,10118.jpg,3
10119,10119.jpg,5
10120,10120.jpg,1
10121,10121.jpg,4
10122,10122.jpg,3
10123,10123.jpg,2
10124,10124.jpg,2
10125,10125.jpg,4
10126,10126.jpg,4
10127,10127.jpg,6
10128,10128.jpg,2
10129,10129.jpg,5
10130,10130.jpg,2
10131,10131.jpg,4
10132,10132.jpg,2
10133,10133.jpg,4
10134,10134.jpg,3
10135,10135.jpg,2
10136,10136.jpg,4
10137,10137.jpg,6
10138,10138.jpg,4
10139,10139.jpg,4
10140,10140.jpg,2
10141,10141.jpg,4
10142,10142.jpg,4
10143,10143.jpg,2
10144,10144.jpg,2
10145,10145.jpg,5
10146,10146.jpg,6
10147,10147.jpg,5
10148,10148.jpg,2
10149,10149.jpg,2
10150,10150.jpg,5
10151,10151.jpg,4
10152,10152.jpg,2
10153,10153.jpg,3
10154,10154.jpg,2
10155,10155.jpg,6
10156,10156.jpg,6
10157,10157.jpg,3
10158,10158.jpg,2
10159,10159.jpg,2
10160,10160.jpg,4
10161,10161.jpg,2
10162,10162.jpg,2
10163,10163.jpg,6
10164,10164.jpg,4
10165,10165.jpg,4
10166,10166.jpg,4
10167,10167.jpg,2
10168,10168.jpg,2
10169,10169.jpg,2
10170,10170.jpg,3
10171,10171.jpg,5
10172,10172.jpg,2
10173,10173.jpg,4
10174,10174.jpg,5
10175,10175.jpg,4
10176,10176.jpg,4
10177,10177.jpg,2
10178,10178.jpg,5
10179,10179.jpg,3
10180,10180.jpg,3
10181,10181.jpg,1
10182,10182.jpg,3
10183,10183.jpg,5
10184,10184.jpg,2
10185,10185.jpg,4
10186,10186.jpg,4
10187,10187.jpg,4
10188,10188.jpg,6
10189,10189.jpg,4
10190,10190.jpg,5
10191,10191.jpg,5
10192,10192.jpg,4
10193,10193.jpg,4
10194,10194.jpg,4
10195,10195.jpg,2
10196,10196.jpg,3
10197,10197.jpg,5
10198,10198.jpg,4
10199,10199.jpg,2
10200,10200.jpg,2
10201,10201.jpg,2
10202,10202.jpg,2
10203,10203.jpg,6
10204,10204.jpg,5
10205,10205.jpg,2
10206,10206.jpg,2
10207,10207.jpg,4
10208,10208.jpg,1
10209,10209.jpg,1
10210,10210.jpg,2
10211,10211.jpg,1
10212,10212.jpg,2
10213,10213.jpg,2
10214,10214.jpg,2
10215,10215.jpg,1
10216,10216.jpg,4
10217,10217.jpg,4
10218,10218.jpg,4
10219,10219.jpg,2
10220,10220.jpg,4
10221,10221.jpg,6
10222,10222.jpg,4
10223,10223.jpg,6
10224,10224.jpg,5
10225,10225.jpg,2
10226,10226.jpg,6
10227,10227.jpg,3
10228,10228.jpg,2
10229,10229.jpg,5
10230,10230.jpg,6
10231,10231.jpg,4
10232,10232.jpg,4
10233,10233.jpg,2
10234,10234.jpg,4
10235,10235.jpg,2
10236,10236.jpg,5
10237,10237.jpg,6
10238,10238.jpg,2
10239,10239.jpg,5
10240,10240.jpg,2
10241,10241.jpg,2
10242,10242.jpg,4
10243,10243.jpg,2
10244,10244.jpg,2
10245,10245.jpg,4
10246,10246.jpg,4
10247,10247.jpg,4
10248,10248.jpg,6
10249,10249.jpg,2
10250,10250.jpg,1
10251,10251.jpg,4
10252,10252.jpg,4
10253,10253.jpg,2
10254,10254.jpg,4
10255,10255.jpg,5
10256,10256.jpg,2
10257,10257.jpg,5
10258,10258.jpg,6
10259,10259.jpg,4
10260,10260.jpg,2
10261,10261.jpg,2
10262,10262.jpg,6
10263,10263.jpg,4
10264,10264.jpg,6
10265,10265.jpg,4
10266,10266.jpg,2
10267,10267.jpg,6
10268,10268.jpg,4
10269,10269.jpg,3
10270,10270.jpg,4
10271,10271.jpg,3
10272,10272.jpg,4
10273,10273.jpg,4
10274,10274.jpg,6
10275,10275.jpg,1
10276,10276.jpg,4
10277,10277.jpg,2
10278,10278.jpg,3
10279,10279.jpg,5
10280,10280.jpg,4
10281,10281.jpg,4
10282,10282.jpg,4
10283,10283.jpg,4
10284,10284.jpg,5
10285,10285.jpg,1
10286,10286.jpg,4
10287,10287.jpg,2
10288,10288.jpg,2
10289,10289.jpg,4
10290,10290.jpg,4
10291,10291.jpg,5
10292,10292.jpg,2
10293,10293.jpg,3
10294,10294.jpg,6
10295,10295.jpg,2
10296,10296.jpg,6
10297,10297.jpg,3
10298,10298.jpg,6
10299,10299.jpg,4
10300,10300.jpg,5
10301,10301.jpg,4
10302,10302.jpg,2
10303,10303.jpg,4
10304,10304.jpg,2
10305,10305.jpg,2
10306,10306.jpg,2
10307,10307.jpg,2
10308,10308.jpg,2
10309,10309.jpg,4
10310,10310.jpg,5
10311,10311.jpg,5
10312,10312.jpg,2
10313,10313.jpg,2
10314,10314.jpg,4
10315,10315.jpg,4
10316,10316.jpg,4
10317,10317.jpg,1
10318,10318.jpg,4
10319,10319.jpg,4
10320,10320.jpg,2
10321,10321.jpg,3
10322,10322.jpg,5
10323,10323.jpg,4
10324,10324.jpg,2
10325,10325.jpg,5
10326,10326.jpg,5
10327,10327.jpg,2
10328,10328.jpg,4
10329,10329.jpg,5
10330,10330.jpg,4
10331,10331.jpg,2
10332,10332.jpg,4
10333,10333.jpg,2
10334,10334.jpg,4
10335,10335.jpg,4
10336,10336.jpg,5
10337,10337.jpg,2
10338,10338.jpg,1
10339,10339.jpg,2
10340,10340.jpg,2
10341,10341.jpg,5
10342,10342.jpg,2
10343,10343.jpg,2
10344,10344.jpg,2
10345,10345.jpg,2
10346,10346.jpg,4
10347,10347.jpg,2
10348,10348.jpg,4
10349,10349.jpg,1
10350,10350.jpg,2
10351,10351.jpg,4
10352,10352.jpg,2
10353,10353.jpg,3
10354,10354.jpg,6
10355,10355.jpg,2
10356,10356.jpg,2
10357,10357.jpg,3
10358,10358.jpg,4
10359,10359.jpg,4
10360,10360.jpg,2
10361,10361.jpg,2
10362,10362.jpg,4
10363,10363.jpg,5
10364,10364.jpg,4
10365,10365.jpg,4
10366,10366.jpg,4
10367,10367.jpg,5
10368,10368.jpg,6
10369,10369.jpg,2
10370,10370.jpg,2
10371,10371.jpg,5
10372,10372.jpg,2
10373,10373.jpg,2
10374,10374.jpg,4
10375,10375.jpg,6
10376,10376.jpg,5
10377,10377.jpg,4
10378,10378.jpg,2
10379,10379.jpg,4
10380,10380.jpg,6
10381,10381.jpg,4
10382,10382.jpg,4
10383,10383.jpg,4
10384,10384.jpg,4
10385,10385.jpg,4
10386,10386.jpg,2
10387,10387.jpg,5
10388,10388.jpg,3
10389,10389.jpg,2
10390,10390.jpg,4
10391,10391.jpg,6
10392,10392.jpg,2
10393,10393.jpg,3
10394,10394.jpg,3
10395,10395.jpg,5
10396,10396.jpg,3
10397,10397.jpg,2
10398,10398.jpg,2
10399,10399.jpg,2
10400,10400.jpg,2
10401,10401.jpg,6
10402,10402.jpg,4
10403,10403.jpg,2
10404,10404.jpg,2
10405,10405.jpg,5
10406,10406.jpg,4
10407,10407.jpg,4
10408,10408.jpg,2
10409,10409.jpg,2
10410,10410.jpg,2
10411,10411.jpg,4
10412,10412.jpg,2
10413,10413.jpg,5
10414,10414.jpg,6
10415,10415.jpg,4
10416,10416.jpg,2
10417,10417.jpg,4
10418,10418.jpg,2
10419,10419.jpg,4
10420,10420.jpg,5
10421,10421.jpg,5
10422,10422.jpg,4
10423,10423.jpg,3
10424,10424.jpg,2
10425,10425.jpg,6
10426,10426.jpg,4
10427,10427.jpg,4
10428,10428.jpg,4
10429,10429.jpg,2
10430,10430.jpg,6
10431,10431.jpg,5
10432,10432.jpg,1
10433,10433.jpg,4
10434,10434.jpg,5
10435,10435.jpg,2
10436,10436.jpg,3
10437,10437.jpg,6
10438,10438.jpg,6
10439,10439.jpg,2
10440,10440.jpg,4
10441,10441.jpg,4
10442,10442.jpg,2
10443,10443.jpg,6
10444,10444.jpg,6
10445,10445.jpg,4
10446,10446.jpg,4
10447,10447.jpg,4
10448,10448.jpg,3
10449,10449.jpg,4
10450,10450.jpg,2
10451,10451.jpg,4
10452,10452.jpg,3
10453,10453.jpg,5
10454,10454.jpg,5
10455,10455.jpg,6
10456,10456.jpg,3
10457,10457.jpg,4
10458,10458.jpg,2
10459,10459.jpg,3
10460,10460.jpg,2
10461,10461.jpg,4
10462,10462.jpg,2
10463,10463.jpg,4
10464,10464.jpg,4
10465,10465.jpg,4
10466,10466.jpg,6
10467,10467.jpg,5
10468,10468.jpg,2
10469,10469.jpg,2
10470,10470.jpg,2
10471,10471.jpg,4
10472,10472.jpg,4
10473,10473.jpg,3
10474,10474.jpg,4
10475,10475.jpg,2
10476,10476.jpg,4
10477,10477.jpg,4
10478,10478.jpg,5
10479,10479.jpg,2
10480,10480.jpg,5
10481,10481.jpg,2
10482,10482.jpg,2
10483,10483.jpg,2
10484,10484.jpg,4
10485,10485.jpg,4
10486,10486.jpg,2
10487,10487.jpg,4
10488,10488.jpg,3
10489,10489.jpg,6
10490,10490.jpg,4
10491,10491.jpg,4
10492,10492.jpg,5
10493,10493.jpg,2
10494,10494.jpg,3
10495,10495.jpg,5
10496,10496.jpg,4
10497,10497.jpg,4
10498,10498.jpg,4
10499,10499.jpg,4
10500,10500.jpg,3
10501,10501.jpg,5
10502,10502.jpg,4
10503,10503.jpg,6
10504,10504.jpg,2
10505,10505.jpg,5
10506,10506.jpg,3
10507,10507.jpg,2
10508,10508.jpg,2
10509,10509.jpg,4
10510,10510.jpg,4
10511,10511.jpg,3
10512,10512.jpg,2
10513,10513.jpg,2
10514,10514.jpg,2
10515,10515.jpg,6
10516,10516.jpg,2
10517,10517.jpg,4
10518,10518.jpg,6
10519,10519.jpg,6
10520,10520.jpg,4
10521,10521.jpg,2
10522,10522.jpg,4
10523,10523.jpg,4
10524,10524.jpg,3
10525,10525.jpg,5
10526,10526.jpg,6
10527,10527.jpg,4
10528,10528.jpg,2
10529,10529.jpg,6
10530,10530.jpg,1
10531,10531.jpg,2
10532,10532.jpg,2
10533,10533.jpg,4
10534,10534.jpg,4
10535,10535.jpg,2
10536,10536.jpg,6
10537,10537.jpg,2
10538,10538.jpg,4
10539,10539.jpg,4
10540,10540.jpg,4
10541,10541.jpg,6
10542,10542.jpg,3
10543,10543.jpg,6
10544,10544.jpg,4
10545,10545.jpg,5
10546,10546.jpg,6
10547,10547.jpg,5
10548,10548.jpg,5
10549,10549.jpg,2
10550,10550.jpg,3
10551,10551.jpg,4
10552,10552.jpg,2
10553,10553.jpg,4
10554,10554.jpg,6
10555,10555.jpg,6
10556,10556.jpg,5
10557,10557.jpg,4
10558,10558.jpg,2
10559,10559.jpg,2
10560,10560.jpg,4
10561,10561.jpg,3
10562,10562.jpg,4
10563,10563.jpg,3
10564,10564.jpg,2
10565,10565.jpg,2
10566,10566.jpg,6
10567,10567.jpg,5
10568,10568.jpg,2
10569,10569.jpg,5
10570,10570.jpg,6
10571,10571.jpg,2
10572,10572.jpg,2
10573,10573.jpg,3
10574,10574.jpg,2
10575,10575.jpg,2
10576,10576.jpg,2
10577,10577.jpg,2
10578,10578.jpg,2
10579,10579.jpg,5
10580,10580.jpg,2
10581,10581.jpg,6
10582,10582.jpg,2
10583,10583.jpg,3
10584,10584.jpg,4
10585,10585.jpg,4
10586,10586.jpg,2
10587,10587.jpg,3
10588,10588.jpg,2
10589,10589.jpg,3
10590,10590.jpg,2
10591,10591.jpg,5
10592,10592.jpg,5
10593,10593.jpg,5
10594,10594.jpg,2
10595,10595.jpg,4
10596,10596.jpg,3
10597,10597.jpg,2
10598,10598.jpg,4
10599,10599.jpg,4
10600,10600.jpg,2
10601,10601.jpg,5
10602,10602.jpg,3
10603,10603.jpg,1
10604,10604.jpg,3
10605,10605.jpg,5
10606,10606.jpg,4
10607,10607.jpg,2
10608,10608.jpg,2
10609,10609.jpg,3
10610,10610.jpg,6
10611,10611.jpg,2
10612,10612.jpg,1
10613,10613.jpg,2
10614,10614.jpg,2
10615,10615.jpg,4
10616,10616.jpg,3
10617,10617.jpg,4
10618,10618.jpg,5
10619,10619.jpg,4
10620,10620.jpg,2
10621,10621.jpg,4
10622,10622.jpg,4
10623,10623.jpg,2
10624,10624.jpg,6
10625,10625.jpg,6
10626,10626.jpg,4
10627,10627.jpg,5
10628,10628.jpg,4
10629,10629.jpg,2
10630,10630.jpg,3
10631,10631.jpg,5
10632,10632.jpg,6
10633,10633.jpg,4
10634,10634.jpg,2
10635,10635.jpg,2
10636,10636.jpg,2
10637,10637.jpg,2
10638,10638.jpg,3
10639,10639.jpg,2
10640,10640.jpg,2
10641,10641.jpg,1
10642,10642.jpg,6
10643,10643.jpg,4
10644,10644.jpg,4
10645,10645.jpg,4
10646,10646.jpg,4
10647,10647.jpg,5
10648,10648.jpg,2
10649,10649.jpg,3
10650,10650.jpg,4
10651,10651.jpg,4
10652,10652.jpg,2
10653,10653.jpg,5
10654,10654.jpg,5
10655,10655.jpg,6
10656,10656.jpg,6
10657,10657.jpg,4
10658,10658.jpg,4
10659,10659.jpg,2
10660,10660.jpg,3
10661,10661.jpg,4
10662,10662.jpg,2
10663,10663.jpg,5
10664,10664.jpg,5
10665,10665.jpg,5
10666,10666.jpg,2
10667,10667.jpg,5
10668,10668.jpg,2
10669,10669.jpg,5
10670,10670.jpg,4
10671,10671.jpg,4
10672,10672.jpg,2
10673,10673.jpg,4
10674,10674.jpg,2
10675,10675.jpg,6
10676,10676.jpg,2
10677,10677.jpg,2
10678,10678.jpg,2
10679,10679.jpg,5
10680,10680.jpg,4
10681,10681.jpg,2
10682,10682.jpg,2
10683,10683.jpg,6
10684,10684.jpg,3
10685,10685.jpg,2
10686,10686.jpg,4
10687,10687.jpg,2
10688,10688.jpg,2
10689,10689.jpg,2
10690,10690.jpg,4
10691,10691.jpg,4
10692,10692.jpg,2
10693,10693.jpg,2
10694,10694.jpg,4
10695,10695.jpg,4
10696,10696.jpg,6
10697,10697.jpg,4
10698,10698.jpg,3
10699,10699.jpg,4
10700,10700.jpg,2
10701,10701.jpg,2
10702,10702.jpg,4
10703,10703.jpg,4
10704,10704.jpg,4
10705,10705.jpg,2
10706,10706.jpg,2
10707,10707.jpg,4
10708,10708.jpg,5
10709,10709.jpg,4
10710,10710.jpg,3
10711,10711.jpg,5
10712,10712.jpg,2
10713,10713.jpg,2
10714,10714.jpg,4
10715,10715.jpg,2
10716,10716.jpg,2
10717,10717.jpg,4
10718,10718.jpg,2
10719,10719.jpg,5
10720,10720.jpg,4
10721,10721.jpg,4
10722,10722.jpg,6
10723,10723.jpg,2
10724,10724.jpg,6
10725,10725.jpg,5
10726,10726.jpg,2
10727,10727.jpg,5
10728,10728.jpg,6
10729,10729.jpg,3
10730,10730.jpg,3
10731,10731.jpg,2
10732,10732.jpg,5
10733,10733.jpg,5
10734,10734.jpg,4
10735,10735.jpg,4
10736,10736.jpg,4
10737,10737.jpg,4
10738,10738.jpg,3
10739,10739.jpg,2
10740,10740.jpg,4
10741,10741.jpg,4
10742,10742.jpg,4
10743,10743.jpg,4
10744,10744.jpg,2
10745,10745.jpg,2
10746,10746.jpg,3
10747,10747.jpg,4
10748,10748.jpg,4
10749,10749.jpg,4
10750,10750.jpg,2
10751,10751.jpg,4
10752,10752.jpg,5
10753,10753.jpg,5
10754,10754.jpg,6
10755,10755.jpg,4
10756,10756.jpg,3
10757,10757.jpg,4
10758,10758.jpg,4
10759,10759.jpg,4
10760,10760.jpg,2
10761,10761.jpg,5
10762,10762.jpg,2
10763,10763.jpg,6
10764,10764.jpg,4
10765,10765.jpg,2
10766,10766.jpg,2
10767,10767.jpg,4
10768,10768.jpg,4
10769,10769.jpg,5
10770,10770.jpg,4
10771,10771.jpg,4
10772,10772.jpg,4
10773,10773.jpg,2
10774,10774.jpg,2
10775,10775.jpg,4
10776,10776.jpg,4
10777,10777.jpg,2
10778,10778.jpg,3
10779,10779.jpg,4
10780,10780.jpg,6
10781,10781.jpg,4
10782,10782.jpg,6
10783,10783.jpg,4
10784,10784.jpg,4
10785,10785.jpg,4
10786,10786.jpg,2
10787,10787.jpg,6
10788,10788.jpg,5
10789,10789.jpg,4
10790,10790.jpg,6
10791,10791.jpg,5
10792,10792.jpg,4
10793,10793.jpg,4
10794,10794.jpg,6
10795,10795.jpg,4
10796,10796.jpg,4
10797,10797.jpg,4
10798,10798.jpg,5
10799,10799.jpg,6
10800,10800.jpg,4
10801,10801.jpg,2
10802,10802.jpg,2
10803,10803.jpg,6
10804,10804.jpg,2
10805,10805.jpg,4
10806,10806.jpg,5
10807,10807.jpg,6
10808,10808.jpg,2
10809,10809.jpg,1
10810,10810.jpg,6
10811,10811.jpg,5
10812,10812.jpg,2
10813,10813.jpg,2
10814,10814.jpg,4
10815,10815.jpg,2
10816,10816.jpg,4
10817,10817.jpg,6
10818,10818.jpg,4
10819,10819.jpg,5
10820,10820.jpg,4
10821,10821.jpg,2
10822,10822.jpg,2
10823,10823.jpg,6
10824,10824.jpg,2
10825,10825.jpg,2
10826,10826.jpg,5
10827,10827.jpg,3
10828,10828.jpg,6
10829,10829.jpg,4
10830,10830.jpg,4
10831,10831.jpg,4
10832,10832.jpg,4
10833,10833.jpg,2
10834,10834.jpg,4
10835,10835.jpg,2
10836,10836.jpg,2
10837,10837.jpg,4
10838,10838.jpg,4
10839,10839.jpg,4
10840,10840.jpg,4
10841,10841.jpg,6
10842,10842.jpg,5
10843,10843.jpg,2
10844,10844.jpg,2
10845,10845.jpg,5
10846,10846.jpg,2
10847,10847.jpg,3
10848,10848.jpg,2
10849,10849.jpg,4
10850,10850.jpg,4
10851,10851.jpg,4
10852,10852.jpg,6
10853,10853.jpg,3
10854,10854.jpg,3
10855,10855.jpg,2
10856,10856.jpg,2
10857,10857.jpg,3
10858,10858.jpg,2
10859,10859.jpg,4
10860,10860.jpg,5
10861,10861.jpg,4
10862,10862.jpg,4
10863,10863.jpg,5
10864,10864.jpg,6
10865,10865.jpg,4
10866,10866.jpg,2
10867,10867.jpg,2
10868,10868.jpg,4
10869,10869.jpg,5
10870,10870.jpg,4
10871,10871.jpg,2
10872,10872.jpg,2
10873,10873.jpg,2
10874,10874.jpg,2
10875,10875.jpg,6
10876,10876.jpg,4
10877,10877.jpg,2
10878,10878.jpg,4
10879,10879.jpg,6
10880,10880.jpg,4
10881,10881.jpg,2
10882,10882.jpg,2
10883,10883.jpg,4
10884,10884.jpg,2
10885,10885.jpg,2
10886,10886.jpg,3
10887,10887.jpg,4
10888,10888.jpg,2
10889,10889.jpg,2
10890,10890.jpg,4
10891,10891.jpg,2
10892,10892.jpg,1
10893,10893.jpg,6
10894,10894.jpg,4
10895,10895.jpg,2
10896,10896.jpg,5
10897,10897.jpg,4
10898,10898.jpg,2
10899,10899.jpg,2
10900,10900.jpg,4
10901,10901.jpg,4
10902,10902.jpg,2
10903,10903.jpg,2
10904,10904.jpg,6
10905,10905.jpg,2
10906,10906.jpg,4
10907,10907.jpg,2
10908,10908.jpg,4
10909,10909.jpg,2
10910,10910.jpg,4
10911,10911.jpg,4
10912,10912.jpg,4
10913,10913.jpg,2
10914,10914.jpg,1
10915,10915.jpg,2
10916,10916.jpg,4
10917,10917.jpg,6
10918,10918.jpg,2
10919,10919.jpg,2
10920,10920.jpg,4
10921,10921.jpg,6
10922,10922.jpg,2
10923,10923.jpg,2
10924,10924.jpg,3
10925,10925.jpg,4
10926,10926.jpg,2
10927,10927.jpg,5
10928,10928.jpg,3
10929,10929.jpg,2
10930,10930.jpg,2
10931,10931.jpg,4
10932,10932.jpg,2
10933,10933.jpg,5
10934,10934.jpg,5
10935,10935.jpg,6
10936,10936.jpg,2
10937,10937.jpg,3
10938,10938.jpg,6
10939,10939.jpg,2
10940,10940.jpg,5
10941,10941.jpg,2
10942,10942.jpg,4
10943,10943.jpg,2
10944,10944.jpg,2
10945,10945.jpg,4
10946,10946.jpg,1
10947,10947.jpg,2
10948,10948.jpg,4
10949,10949.jpg,1
10950,10950.jpg,5
10951,10951.jpg,2
10952,10952.jpg,4
10953,10953.jpg,2
10954,10954.jpg,2
10955,10955.jpg,2
10956,10956.jpg,3
10957,10957.jpg,2
10958,10958.jpg,6
10959,10959.jpg,2
10960,10960.jpg,2
10961,10961.jpg,6
10962,10962.jpg,5
10963,10963.jpg,1
10964,10964.jpg,4
10965,10965.jpg,3
10966,10966.jpg,2
10967,10967.jpg,3
10968,10968.jpg,6
10969,10969.jpg,4
10970,10970.jpg,2
10971,10971.jpg,4
10972,10972.jpg,2
10973,10973.jpg,5
10974,10974.jpg,6
10975,10975.jpg,2
10976,10976.jpg,4
10977,10977.jpg,4
10978,10978.jpg,4
10979,10979.jpg,2
10980,10980.jpg,3
10981,10981.jpg,5
10982,10982.jpg,6
10983,10983.jpg,2
10984,10984.jpg,2
10985,10985.jpg,6
10986,10986.jpg,5
10987,10987.jpg,3
10988,10988.jpg,4
10989,10989.jpg,4
10990,10990.jpg,4
10991,10991.jpg,6
10992,10992.jpg,2
10993,10993.jpg,4
10994,10994.jpg,2
10995,10995.jpg,2
10996,10996.jpg,4
10997,10997.jpg,2
10998,10998.jpg,6
10999,10999.jpg,4
11000,11000.jpg,4
11001,11001.jpg,2
11002,11002.jpg,2
11003,11003.jpg,4
11004,11004.jpg,6
11005,11005.jpg,4
11006,11006.jpg,5
11007,11007.jpg,4
11008,11008.jpg,6
11009,11009.jpg,6
11010,11010.jpg,2
11011,11011.jpg,2
11012,11012.jpg,5
11013,11013.jpg,2
11014,11014.jpg,2
11015,11015.jpg,2
11016,11016.jpg,6
11017,11017.jpg,6
11018,11018.jpg,4
11019,11019.jpg,4
11020,11020.jpg,5
11021,11021.jpg,4
11022,11022.jpg,4
11023,11023.jpg,6
11024,11024.jpg,3
11025,11025.jpg,4
11026,11026.jpg,2
11027,11027.jpg,4
11028,11028.jpg,3
11029,11029.jpg,2
11030,11030.jpg,3
11031,11031.jpg,3
11032,11032.jpg,4
11033,11033.jpg,2
11034,11034.jpg,4
11035,11035.jpg,5
11036,11036.jpg,3
11037,11037.jpg,4
11038,11038.jpg,1
11039,11039.jpg,2
11040,11040.jpg,3
11041,11041.jpg,2
11042,11042.jpg,5
11043,11043.jpg,4
11044,11044.jpg,4
11045,11045.jpg,3
11046,11046.jpg,2
11047,11047.jpg,6
11048,11048.jpg,2
11049,11049.jpg,4
11050,11050.jpg,4
11051,11051.jpg,4
11052,11052.jpg,6
11053,11053.jpg,2
11054,11054.jpg,3
11055,11055.jpg,2
11056,11056.jpg,4
11057,11057.jpg,6
11058,11058.jpg,4
11059,11059.jpg,4
11060,11060.jpg,6
11061,11061.jpg,5
11062,11062.jpg,2
11063,11063.jpg,2
11064,11064.jpg,4
11065,11065.jpg,6
11066,11066.jpg,5
11067,11067.jpg,6
11068,11068.jpg,2
11069,11069.jpg,2
11070,11070.jpg,5
11071,11071.jpg,6
11072,11072.jpg,6
11073,11073.jpg,6
11074,11074.jpg,4
11075,11075.jpg,2
11076,11076.jpg,4
11077,11077.jpg,4
11078,11078.jpg,5
11079,11079.jpg,4
11080,11080.jpg,4
11081,11081.jpg,5
11082,11082.jpg,4
11083,11083.jpg,5
11084,11084.jpg,4
11085,11085.jpg,2
11086,11086.jpg,4
11087,11087.jpg,2
11088,11088.jpg,2
11089,11089.jpg,2
11090,11090.jpg,5
11091,11091.jpg,4
11092,11092.jpg,4
11093,11093.jpg,4
11094,11094.jpg,4
11095,11095.jpg,2
11096,11096.jpg,4
11097,11097.jpg,2
11098,11098.jpg,2
11099,11099.jpg,2
11100,11100.jpg,4
11101,11101.jpg,4
11102,11102.jpg,3
11103,11103.jpg,1
11104,11104.jpg,2
11105,11105.jpg,4
11106,11106.jpg,5
11107,11107.jpg,4
11108,11108.jpg,5
11109,11109.jpg,4
11110,11110.jpg,4
11111,11111.jpg,4
11112,11112.jpg,2
11113,11113.jpg,6
11114,11114.jpg,5
11115,11115.jpg,5
11116,11116.jpg,5
11117,11117.jpg,3
11118,11118.jpg,4
11119,11119.jpg,6
11120,11120.jpg,4
11121,11121.jpg,5
11122,11122.jpg,2
11123,11123.jpg,5
11124,11124.jpg,2
11125,11125.jpg,4
11126,11126.jpg,4
11127,11127.jpg,2
11128,11128.jpg,2
11129,11129.jpg,5
11130,11130.jpg,4
11131,11131.jpg,4
11132,11132.jpg,4
11133,11133.jpg,4
11134,11134.jpg,6
11135,11135.jpg,4
11136,11136.jpg,2
11137,11137.jpg,4
11138,11138.jpg,2
11139,11139.jpg,2
11140,11140.jpg,6
11141,11141.jpg,5
11142,11142.jpg,2
11143,11143.jpg,6
11144,11144.jpg,4
11145,11145.jpg,4
11146,11146.jpg,3
11147,11147.jpg,4
11148,11148.jpg,5
11149,11149.jpg,6
11150,11150.jpg,2
11151,11151.jpg,4
11152,11152.jpg,4
11153,11153.jpg,4
11154,11154.jpg,2
11155,11155.jpg,5
11156,11156.jpg,4
11157,11157.jpg,2
11158,11158.jpg,4
11159,11159.jpg,3
11160,11160.jpg,5
11161,11161.jpg,2
11162,11162.jpg,2
11163,11163.jpg,5
11164,11164.jpg,4
11165,11165.jpg,5
11166,11166.jpg,4
11167,11167.jpg,5
11168,11168.jpg,4
11169,11169.jpg,5
11170,11170.jpg,4
11171,11171.jpg,6
11172,11172.jpg,2
11173,11173.jpg,4
11174,11174.jpg,4
11175,11175.jpg,3
11176,11176.jpg,4
11177,11177.jpg,4
11178,11178.jpg,2
11179,11179.jpg,5
11180,11180.jpg,4
11181,11181.jpg,2
11182,11182.jpg,4
11183,11183.jpg,4
11184,11184.jpg,3
11185,11185.jpg,4
11186,11186.jpg,5
11187,11187.jpg,4
11188,11188.jpg,4
11189,11189.jpg,2
11190,11190.jpg,6
11191,11191.jpg,2
11192,11192.jpg,5
11193,11193.jpg,2
11194,11194.jpg,2
11195,11195.jpg,4
11196,11196.jpg,4
11197,11197.jpg,4
11198,11198.jpg,2
11199,11199.jpg,5
11200,11200.jpg,2
11201,11201.jpg,6
11202,11202.jpg,2
11203,11203.jpg,2
11204,11204.jpg,2
11205,11205.jpg,5
11206,11206.jpg,5
11207,11207.jpg,2
11208,11208.jpg,4
11209,11209.jpg,3
11210,11210.jpg,6
11211,11211.jpg,5
11212,11212.jpg,2
11213,11213.jpg,4
11214,11214.jpg,6
11215,11215.jpg,2
11216,11216.jpg,2
11217,11217.jpg,4
11218,11218.jpg,5
11219,11219.jpg,2
11220,11220.jpg,4
11221,11221.jpg,6
11222,11222.jpg,4
11223,11223.jpg,2
11224,11224.jpg,2
11225,11225.jpg,2
11226,11226.jpg,4
11227,11227.jpg,2
11228,11228.jpg,6
11229,11229.jpg,2
11230,11230.jpg,2
11231,11231.jpg,2
11232,11232.jpg,6
11233,11233.jpg,4
11234,11234.jpg,5
11235,11235.jpg,5
11236,11236.jpg,4
11237,11237.jpg,2
11238,11238.jpg,2
11239,11239.jpg,2
11240,11240.jpg,4
11241,11241.jpg,3
11242,11242.jpg,2
11243,11243.jpg,4
11244,11244.jpg,2
11245,11245.jpg,2
11246,11246.jpg,1
11247,11247.jpg,5
11248,11248.jpg,6
11249,11249.jpg,4
11250,11250.jpg,6
11251,11251.jpg,5
11252,11252.jpg,5
11253,11253.jpg,3
11254,11254.jpg,4
11255,11255.jpg,4
11256,11256.jpg,4
11257,11257.jpg,4
11258,11258.jpg,4
11259,11259.jpg,4
11260,11260.jpg,4
11261,11261.jpg,2
11262,11262.jpg,4
11263,11263.jpg,4
11264,11264.jpg,2
11265,11265.jpg,6
11266,11266.jpg,6
11267,11267.jpg,2
11268,11268.jpg,6
11269,11269.jpg,2
11270,11270.jpg,4
11271,11271.jpg,6
11272,11272.jpg,2
11273,11273.jpg,5
11274,11274.jpg,4
11275,11275.jpg,4
11276,11276.jpg,4
11277,11277.jpg,4
11278,11278.jpg,6
11279,11279.jpg,4
11280,11280.jpg,5
11281,11281.jpg,4
11282,11282.jpg,5
11283,11283.jpg,2
11284,11284.jpg,5
11285,11285.jpg,2
11286,11286.jpg,6
11287,11287.jpg,4
11288,11288.jpg,2
11289,11289.jpg,4
11290,11290.jpg,4
11291,11291.jpg,4
11292,11292.jpg,4
11293,11293.jpg,5
11294,11294.jpg,5
11295,11295.jpg,5
11296,11296.jpg,4
11297,11297.jpg,2
11298,11298.jpg,4
11299,11299.jpg,5
11300,11300.jpg,6
11301,11301.jpg,3
11302,11302.jpg,4
11303,11303.jpg,3
11304,11304.jpg,4
11305,11305.jpg,6
11306,11306.jpg,4
11307,11307.jpg,2
11308,11308.jpg,3
11309,11309.jpg,2
11310,11310.jpg,3
11311,11311.jpg,4
11312,11312.jpg,4
11313,11313.jpg,5
11314,11314.jpg,3
11315,11315.jpg,2
11316,11316.jpg,4
11317,11317.jpg,4
11318,11318.jpg,5
11319,11319.jpg,2
11320,11320.jpg,4
11321,11321.jpg,3
11322,11322.jpg,3
11323,11323.jpg,2
11324,11324.jpg,2
11325,11325.jpg,3
11326,11326.jpg,4
11327,11327.jpg,5
11328,11328.jpg,5
11329,11329.jpg,5
11330,11330.jpg,5
11331,11331.jpg,3
11332,11332.jpg,4
11333,11333.jpg,6
11334,11334.jpg,4
11335,11335.jpg,4
11336,11336.jpg,2
11337,11337.jpg,5
11338,11338.jpg,2
11339,11339.jpg,2
11340,11340.jpg,5
11341,11341.jpg,6
11342,11342.jpg,5
11343,11343.jpg,3
11344,11344.jpg,4
11345,11345.jpg,2
11346,11346.jpg,2
11347,11347.jpg,4
11348,11348.jpg,4
11349,11349.jpg,4
11350,11350.jpg,2
11351,11351.jpg,1
11352,11352.jpg,5
11353,11353.jpg,6
11354,11354.jpg,4
11355,11355.jpg,5
11356,11356.jpg,4
11357,11357.jpg,5
11358,11358.jpg,4
11359,11359.jpg,6
11360,11360.jpg,2
11361,11361.jpg,2
11362,11362.jpg,6
11363,11363.jpg,4
11364,11364.jpg,2
11365,11365.jpg,5
11366,11366.jpg,2
11367,11367.jpg,2
11368,11368.jpg,6
11369,11369.jpg,5
11370,11370.jpg,2
11371,11371.jpg,4
11372,11372.jpg,4
11373,11373.jpg,2
11374,11374.jpg,1
11375,11375.jpg,6
11376,11376.jpg,2
11377,11377.jpg,4
11378,11378.jpg,2
11379,11379.jpg,6
11380,11380.jpg,4
11381,11381.jpg,4
11382,11382.jpg,2
11383,11383.jpg,1
11384,11384.jpg,5
11385,11385.jpg,3
11386,11386.jpg,4
11387,11387.jpg,2
11388,11388.jpg,4
11389,11389.jpg,4
11390,11390.jpg,3
11391,11391.jpg,4
11392,11392.jpg,2
11393,11393.jpg,4
11394,11394.jpg,4
11395,11395.jpg,4
11396,11396.jpg,4
11397,11397.jpg,4
11398,11398.jpg,5
11399,11399.jpg,2
11400,11400.jpg,5
11401,11401.jpg,2
11402,11402.jpg,5
11403,11403.jpg,5
11404,11404.jpg,4
11405,11405.jpg,4
11406,11406.jpg,1
11407,11407.jpg,2
11408,11408.jpg,6
11409,11409.jpg,6
11410,11410.jpg,6
11411,11411.jpg,2
11412,11412.jpg,2
11413,11413.jpg,2
11414,11414.jpg,2
11415,11415.jpg,5
11416,11416.jpg,5
11417,11417.jpg,5
11418,11418.jpg,2
11419,11419.jpg,2
11420,11420.jpg,4
11421,11421.jpg,2
11422,11422.jpg,4
11423,11423.jpg,4
11424,11424.jpg,5
11425,11425.jpg,2
11426,11426.jpg,6
11427,11427.jpg,2
11428,11428.jpg,2
11429,11429.jpg,2
11430,11430.jpg,2
11431,11431.jpg,4
11432,11432.jpg,4
11433,11433.jpg,4
11434,11434.jpg,3
11435,11435.jpg,4
11436,11436.jpg,4
11437,11437.jpg,4
11438,11438.jpg,5
11439,11439.jpg,3
11440,11440.jpg,6
11441,11441.jpg,4
11442,11442.jpg,2
11443,11443.jpg,4
11444,11444.jpg,4
11445,11445.jpg,4
11446,11446.jpg,4
11447,11447.jpg,2
11448,11448.jpg,4
11449,11449.jpg,3
11450,11450.jpg,4
11451,11451.jpg,5
11452,11452.jpg,2
11453,11453.jpg,2
11454,11454.jpg,2
11455,11455.jpg,2
11456,11456.jpg,6
11457,11457.jpg,4
11458,11458.jpg,4
11459,11459.jpg,4
11460,11460.jpg,3
11461,11461.jpg,2
11462,11462.jpg,4
11463,11463.jpg,4
11464,11464.jpg,4
11465,11465.jpg,2
11466,11466.jpg,5
11467,11467.jpg,5
11468,11468.jpg,3
11469,11469.jpg,4
11470,11470.jpg,5
11471,11471.jpg,3
11472,11472.jpg,5
11473,11473.jpg,4
11474,11474.jpg,6
11475,11475.jpg,6
11476,11476.jpg,5
11477,11477.jpg,5
11478,11478.jpg,5
11479,11479.jpg,6
11480,11480.jpg,4
11481,11481.jpg,2
11482,11482.jpg,6
11483,11483.jpg,4
11484,11484.jpg,4
11485,11485.jpg,6
11486,11486.jpg,5
11487,11487.jpg,4
11488,11488.jpg,2
11489,11489.jpg,6
11490,11490.jpg,2
11491,11491.jpg,3
11492,11492.jpg,6
11493,11493.jpg,6
11494,11494.jpg,2
11495,11495.jpg,3
11496,11496.jpg,4
11497,11497.jpg,2
11498,11498.jpg,4
11499,11499.jpg,2
11500,11500.jpg,4
11501,11501.jpg,6
11502,11502.jpg,2
11503,11503.jpg,4
11504,11504.jpg,6
11505,11505.jpg,2
11506,11506.jpg,6
11507,11507.jpg,6
11508,11508.jpg,6
11509,11509.jpg,4
11510,11510.jpg,2
11511,11511.jpg,3
11512,11512.jpg,1
11513,11513.jpg,2
11514,11514.jpg,2
11515,11515.jpg,4
11516,11516.jpg,4
11517,11517.jpg,4
11518,11518.jpg,5
11519,11519.jpg,5
11520,11520.jpg,4
11521,11521.jpg,2
11522,11522.jpg,6
11523,11523.jpg,5
11524,11524.jpg,4
11525,11525.jpg,4
11526,11526.jpg,2
11527,11527.jpg,6
11528,11528.jpg,3
11529,11529.jpg,4
11530,11530.jpg,3
11531,11531.jpg,4
11532,11532.jpg,5
11533,11533.jpg,6
11534,11534.jpg,2
11535,11535.jpg,4
11536,11536.jpg,4
11537,11537.jpg,4
11538,11538.jpg,4
11539,11539.jpg,2
11540,11540.jpg,2
11541,11541.jpg,2
11542,11542.jpg,6
11543,11543.jpg,5
11544,11544.jpg,3
11545,11545.jpg,2
11546,11546.jpg,5
11547,11547.jpg,6
11548,11548.jpg,2
11549,11549.jpg,2
11550,11550.jpg,4
11551,11551.jpg,2
11552,11552.jpg,2
11553,11553.jpg,3
11554,11554.jpg,6
11555,11555.jpg,4
11556,11556.jpg,2
11557,11557.jpg,3
11558,11558.jpg,2
11559,11559.jpg,5
11560,11560.jpg,4
11561,11561.jpg,2
11562,11562.jpg,2
11563,11563.jpg,4
11564,11564.jpg,2
11565,11565.jpg,2
11566,11566.jpg,4
11567,11567.jpg,2
11568,11568.jpg,4
11569,11569.jpg,4
11570,11570.jpg,2
11571,11571.jpg,2
11572,11572.jpg,2
11573,11573.jpg,2
11574,11574.jpg,2
11575,11575.jpg,3
11576,11576.jpg,2
11577,11577.jpg,1
11578,11578.jpg,2
11579,11579.jpg,5
11580,11580.jpg,5
11581,11581.jpg,2
11582,11582.jpg,4
11583,11583.jpg,2
11584,11584.jpg,4
11585,11585.jpg,2
11586,11586.jpg,4
11587,11587.jpg,4
11588,11588.jpg,2
11589,11589.jpg,2
11590,11590.jpg,5
11591,11591.jpg,2
11592,11592.jpg,4
11593,11593.jpg,6
11594,11594.jpg,2
11595,11595.jpg,6
11596,11596.jpg,3
11597,11597.jpg,2
11598,11598.jpg,4
11599,11599.jpg,3
11600,11600.jpg,2
11601,11601.jpg,5
11602,11602.jpg,6
11603,11603.jpg,4
11604,11604.jpg,2
11605,11605.jpg,6
11606,11606.jpg,5
11607,11607.jpg,4
11608,11608.jpg,6
11609,11609.jpg,4
11610,11610.jpg,2
11611,11611.jpg,2
11612,11612.jpg,3
11613,11613.jpg,5
11614,11614.jpg,4
11615,11615.jpg,2
11616,11616.jpg,6
11617,11617.jpg,2
11618,11618.jpg,4
11619,11619.jpg,6
11620,11620.jpg,4
11621,11621.jpg,5
11622,11622.jpg,6
11623,11623.jpg,4
11624,11624.jpg,5
11625,11625.jpg,3
11626,11626.jpg,2
11627,11627.jpg,5
11628,11628.jpg,5
11629,11629.jpg,4
11630,11630.jpg,6
11631,11631.jpg,2
11632,11632.jpg,4
11633,11633.jpg,4
11634,11634.jpg,4
11635,11635.jpg,4
11636,11636.jpg,4
11637,11637.jpg,6
11638,11638.jpg,2
11639,11639.jpg,4
11640,11640.jpg,2
11641,11641.jpg,2
11642,11642.jpg,2
11643,11643.jpg,6
11644,11644.jpg,6
11645,11645.jpg,6
11646,11646.jpg,3
11647,11647.jpg,2
11648,11648.jpg,6
11649,11649.jpg,2
11650,11650.jpg,4
11651,11651.jpg,4
11652,11652.jpg,2
11653,11653.jpg,4
11654,11654.jpg,5
11655,11655.jpg,4
11656,11656.jpg,2
11657,11657.jpg,2
11658,11658.jpg,4
11659,11659.jpg,2
11660,11660.jpg,4
11661,11661.jpg,2
11662,11662.jpg,6
11663,11663.jpg,2
11664,11664.jpg,2
11665,11665.jpg,2
11666,11666.jpg,2
11667,11667.jpg,4
11668,11668.jpg,2
11669,11669.jpg,4
11670,11670.jpg,4
11671,11671.jpg,2
11672,11672.jpg,5
11673,11673.jpg,5
11674,11674.jpg,3
11675,11675.jpg,6
11676,11676.jpg,2
11677,11677.jpg,6
11678,11678.jpg,5
11679,11679.jpg,4
11680,11680.jpg,2
11681,11681.jpg,2
11682,11682.jpg,4
11683,11683.jpg,3
11684,11684.jpg,2
11685,11685.jpg,5
11686,11686.jpg,4
11687,11687.jpg,2
11688,11688.jpg,6
11689,11689.jpg,4
11690,11690.jpg,4
11691,11691.jpg,2
11692,11692.jpg,2
11693,11693.jpg,4
11694,11694.jpg,4
11695,11695.jpg,6
11696,11696.jpg,3
11697,11697.jpg,5
11698,11698.jpg,4
11699,11699.jpg,4
11700,11700.jpg,6
11701,11701.jpg,4
11702,11702.jpg,3
11703,11703.jpg,2
11704,11704.jpg,4
11705,11705.jpg,2
11706,11706.jpg,4
11707,11707.jpg,6
11708,11708.jpg,4
11709,11709.jpg,4
11710,11710.jpg,4
11711,11711.jpg,3
11712,11712.jpg,2
11713,11713.jpg,6
11714,11714.jpg,4
11715,11715.jpg,5
11716,11716.jpg,4
11717,11717.jpg,4
11718,11718.jpg,1
11719,11719.jpg,2
11720,11720.jpg,5
11721,11721.jpg,4
11722,11722.jpg,4
11723,11723.jpg,2
11724,11724.jpg,6
11725,11725.jpg,5
11726,11726.jpg,2
11727,11727.jpg,4
11728,11728.jpg,4
11729,11729.jpg,6
11730,11730.jpg,5
11731,11731.jpg,2
11732,11732.jpg,4
11733,11733.jpg,4
11734,11734.jpg,4
11735,11735.jpg,2
11736,11736.jpg,2
11737,11737.jpg,4
11738,11738.jpg,5
11739,11739.jpg,5
11740,11740.jpg,5
11741,11741.jpg,3
11742,11742.jpg,6
11743,11743.jpg,3
11744,11744.jpg,4
11745,11745.jpg,2
11746,11746.jpg,4
11747,11747.jpg,4
11748,11748.jpg,4
11749,11749.jpg,3
11750,11750.jpg,6
11751,11751.jpg,4
11752,11752.jpg,4
11753,11753.jpg,2
11754,11754.jpg,4
11755,11755.jpg,2
11756,11756.jpg,2
11757,11757.jpg,4
11758,11758.jpg,4
11759,11759.jpg,2
11760,11760.jpg,2
11761,11761.jpg,4
11762,11762.jpg,2
11763,11763.jpg,4
11764,11764.jpg,5
11765,11765.jpg,4
11766,11766.jpg,4
11767,11767.jpg,4
11768,11768.jpg,2
11769,11769.jpg,3
11770,11770.jpg,6
11771,11771.jpg,4
11772,11772.jpg,2
11773,11773.jpg,2
11774,11774.jpg,4
11775,11775.jpg,2
11776,11776.jpg,3
11777,11777.jpg,3
11778,11778.jpg,2
11779,11779.jpg,4
11780,11780.jpg,2
11781,11781.jpg,5
11782,11782.jpg,4
11783,11783.jpg,2
11784,11784.jpg,2
11785,11785.jpg,4
11786,11786.jpg,5
11787,11787.jpg,1
11788,11788.jpg,2
11789,11789.jpg,4
11790,11790.jpg,4
11791,11791.jpg,4
11792,11792.jpg,2
11793,11793.jpg,5
11794,11794.jpg,2
11795,11795.jpg,4
11796,11796.jpg,4
11797,11797.jpg,4
11798,11798.jpg,2
11799,11799.jpg,6
11800,11800.jpg,4
11801,11801.jpg,6
11802,11802.jpg,6
11803,11803.jpg,4
11804,11804.jpg,5
11805,11805.jpg,2
11806,11806.jpg,4
11807,11807.jpg,4
11808,11808.jpg,3
11809,11809.jpg,4
11810,11810.jpg,4
11811,11811.jpg,3
11812,11812.jpg,4
11813,11813.jpg,4
11814,11814.jpg,2
11815,11815.jpg,2
11816,11816.jpg,3
11817,11817.jpg,2
11818,11818.jpg,4
11819,11819.jpg,2
11820,11820.jpg,4
11821,11821.jpg,2
11822,11822.jpg,4
11823,11823.jpg,4
11824,11824.jpg,3
11825,11825.jpg,2
11826,11826.jpg,4
11827,11827.jpg,2
11828,11828.jpg,2
11829,11829.jpg,4
11830,11830.jpg,5
11831,11831.jpg,6
11832,11832.jpg,4
11833,11833.jpg,2
11834,11834.jpg,4
11835,11835.jpg,2
11836,11836.jpg,4
11837,11837.jpg,4
11838,11838.jpg,2
11839,11839.jpg,2
11840,11840.jpg,3
11841,11841.jpg,4
11842,11842.jpg,4
11843,11843.jpg,5
11844,11844.jpg,4
11845,11845.jpg,2
11846,11846.jpg,5
11847,11847.jpg,4
11848,11848.jpg,4
11849,11849.jpg,2
11850,11850.jpg,4
11851,11851.jpg,2
11852,11852.jpg,4
11853,11853.jpg,6
11854,11854.jpg,2
11855,11855.jpg,5
11856,11856.jpg,2
11857,11857.jpg,2
11858,11858.jpg,4
11859,11859.jpg,4
11860,11860.jpg,5
11861,11861.jpg,3
11862,11862.jpg,4
11863,11863.jpg,2
11864,11864.jpg,2
11865,11865.jpg,4
11866,11866.jpg,5
11867,11867.jpg,4
11868,11868.jpg,4
11869,11869.jpg,4
11870,11870.jpg,4
11871,11871.jpg,3
11872,11872.jpg,4
11873,11873.jpg,4
11874,11874.jpg,6
11875,11875.jpg,5
11876,11876.jpg,6
11877,11877.jpg,4
11878,11878.jpg,2
11879,11879.jpg,2
11880,11880.jpg,1
11881,11881.jpg,4
11882,11882.jpg,6
11883,11883.jpg,2
11884,11884.jpg,2
11885,11885.jpg,5
11886,11886.jpg,4
11887,11887.jpg,4
11888,11888.jpg,4
11889,11889.jpg,6
11890,11890.jpg,2
11891,11891.jpg,4
11892,11892.jpg,2
11893,11893.jpg,4
11894,11894.jpg,4
11895,11895.jpg,4
11896,11896.jpg,4
11897,11897.jpg,6
11898,11898.jpg,2
11899,11899.jpg,4
11900,11900.jpg,4
11901,11901.jpg,6
11902,11902.jpg,2
11903,11903.jpg,5
11904,11904.jpg,4
11905,11905.jpg,4
11906,11906.jpg,6
11907,11907.jpg,3
11908,11908.jpg,4
11909,11909.jpg,5
11910,11910.jpg,4
11911,11911.jpg,2
11912,11912.jpg,5
11913,11913.jpg,2
11914,11914.jpg,4
11915,11915.jpg,5
11916,11916.jpg,2
11917,11917.jpg,4
11918,11918.jpg,2
11919,11919.jpg,5
11920,11920.jpg,3
11921,11921.jpg,4
11922,11922.jpg,4
11923,11923.jpg,4
11924,11924.jpg,4
11925,11925.jpg,5
11926,11926.jpg,5
11927,11927.jpg,4
11928,11928.jpg,3
11929,11929.jpg,4
11930,11930.jpg,4
11931,11931.jpg,4
11932,11932.jpg,6
11933,11933.jpg,5
11934,11934.jpg,5
11935,11935.jpg,6
11936,11936.jpg,3
11937,11937.jpg,6
11938,11938.jpg,4
11939,11939.jpg,3
11940,11940.jpg,2
11941,11941.jpg,6
11942,11942.jpg,6
11943,11943.jpg,3
11944,11944.jpg,2
11945,11945.jpg,5
11946,11946.jpg,6
11947,11947.jpg,4
11948,11948.jpg,6
11949,11949.jpg,5
11950,11950.jpg,4
11951,11951.jpg,4
11952,11952.jpg,3
11953,11953.jpg,2
11954,11954.jpg,5
11955,11955.jpg,6
11956,11956.jpg,4
11957,11957.jpg,4
11958,11958.jpg,2
11959,11959.jpg,2
11960,11960.jpg,2
11961,11961.jpg,5
11962,11962.jpg,3
11963,11963.jpg,4
11964,11964.jpg,5
11965,11965.jpg,5
11966,11966.jpg,5
11967,11967.jpg,6
11968,11968.jpg,2
11969,11969.jpg,2
11970,11970.jpg,2
11971,11971.jpg,5
11972,11972.jpg,2
11973,11973.jpg,6
11974,11974.jpg,4
11975,11975.jpg,3
11976,11976.jpg,6
11977,11977.jpg,4
11978,11978.jpg,5
11979,11979.jpg,2
11980,11980.jpg,5
11981,11981.jpg,5
11982,11982.jpg,5
11983,11983.jpg,4
11984,11984.jpg,6
11985,11985.jpg,5
11986,11986.jpg,4
11987,11987.jpg,6
11988,11988.jpg,4
11989,11989.jpg,4
11990,11990.jpg,5
11991,11991.jpg,4
11992,11992.jpg,6
11993,11993.jpg,2
11994,11994.jpg,4
11995,11995.jpg,5
11996,11996.jpg,6
11997,11997.jpg,4
11998,11998.jpg,6
11999,11999.jpg,2
12000,12000.jpg,2
